competencia,tipo_cotista,n_cotistas
2019-11,Pessoa fisica,13797
2019-11,Outros,1000
2019-11,Clube de investimento,801
2019-11,Outros fundos,3778
2019-11,FII,2
2019-11,Capitalizacao,0
2019-11,Seguradora,5
2019-11,Regime proprio (RPPS),227
2019-11,Cotas de FIDC (outros FIDC/FIC-FIDC),128
2019-11,Previdencia aberta (EAPC),18
2019-11,Investidor nao residente,114
2019-11,Outra PJ financeira,55
2019-11,Corretora/distribuidora,80
2019-11,Banco comercial,86
2019-11,PJ nao financeira,5460
2019-11,Previdencia fechada (EFPC),126
2019-12,Seguradora,5
2019-12,Outros,990
2019-12,Clube de investimento,784
2019-12,Outros fundos,4024
2019-12,FII,5
2019-12,Cotas de FIDC (outros FIDC/FIC-FIDC),109
2019-12,Capitalizacao,0
2019-12,Regime proprio (RPPS),173
2019-12,Corretora/distribuidora,78
2019-12,Previdencia aberta (EAPC),19
2019-12,Investidor nao residente,126
2019-12,Outra PJ financeira,52
2019-12,Banco comercial,103
2019-12,PJ nao financeira,5424
2019-12,Pessoa fisica,13768
2019-12,Previdencia fechada (EFPC),121
2020-01,Seguradora,5
2020-01,Outros,1011
2020-01,Clube de investimento,825
2020-01,Outros fundos,3949
2020-01,FII,20
2020-01,Cotas de FIDC (outros FIDC/FIC-FIDC),122
2020-01,Capitalizacao,0
2020-01,Regime proprio (RPPS),163
2020-01,Corretora/distribuidora,79
2020-01,Previdencia aberta (EAPC),19
2020-01,Investidor nao residente,135
2020-01,Outra PJ financeira,63
2020-01,Banco comercial,90
2020-01,PJ nao financeira,5434
2020-01,Pessoa fisica,14923
2020-01,Previdencia fechada (EFPC),120
2020-02,Outros,911
2020-02,Clube de investimento,804
2020-02,Outros fundos,4409
2020-02,FII,18
2020-02,Cotas de FIDC (outros FIDC/FIC-FIDC),134
2020-02,Capitalizacao,0
2020-02,Seguradora,5
2020-02,Regime proprio (RPPS),161
2020-02,Previdencia fechada (EFPC),128
2020-02,Investidor nao residente,134
2020-02,Outra PJ financeira,73
2020-02,Corretora/distribuidora,73
2020-02,Banco comercial,88
2020-02,PJ nao financeira,5473
2020-02,Pessoa fisica,16131
2020-02,Previdencia aberta (EAPC),19
2020-03,Seguradora,5
2020-03,Outros,923
2020-03,Clube de investimento,837
2020-03,Outros fundos,3959
2020-03,FII,473
2020-03,Capitalizacao,0
2020-03,Regime proprio (RPPS),161
2020-03,Cotas de FIDC (outros FIDC/FIC-FIDC),135
2020-03,Previdencia aberta (EAPC),20
2020-03,Investidor nao residente,137
2020-03,Outra PJ financeira,75
2020-03,Previdencia fechada (EFPC),128
2020-03,Corretora/distribuidora,66
2020-03,Banco comercial,90
2020-03,PJ nao financeira,5826
2020-03,Pessoa fisica,16295
2020-04,Outros,845
2020-04,Clube de investimento,810
2020-04,Outros fundos,4096
2020-04,FII,243
2020-04,Cotas de FIDC (outros FIDC/FIC-FIDC),189
2020-04,Capitalizacao,0
2020-04,Seguradora,6
2020-04,Regime proprio (RPPS),162
2020-04,Previdencia fechada (EFPC),132
2020-04,Previdencia aberta (EAPC),19
2020-04,Investidor nao residente,140
2020-04,Outra PJ financeira,77
2020-04,Corretora/distribuidora,64
2020-04,Banco comercial,93
2020-04,PJ nao financeira,5769
2020-04,Pessoa fisica,16282
2020-05,Clube de investimento,810
2020-05,Outros fundos,4385
2020-05,FII,15
2020-05,Cotas de FIDC (outros FIDC/FIC-FIDC),128
2020-05,Capitalizacao,0
2020-05,Seguradora,5
2020-05,Regime proprio (RPPS),161
2020-05,Outros,809
2020-05,Previdencia aberta (EAPC),17
2020-05,Investidor nao residente,139
2020-05,Outra PJ financeira,77
2020-05,Corretora/distribuidora,384
2020-05,Banco comercial,89
2020-05,PJ nao financeira,5548
2020-05,Pessoa fisica,16256
2020-05,Previdencia fechada (EFPC),132
2020-06,Clube de investimento,823
2020-06,Outros fundos,4340
2020-06,FII,18
2020-06,Cotas de FIDC (outros FIDC/FIC-FIDC),137
2020-06,Capitalizacao,1
2020-06,Seguradora,4
2020-06,Regime proprio (RPPS),167
2020-06,Outros,812
2020-06,Previdencia aberta (EAPC),17
2020-06,Investidor nao residente,143
2020-06,Outra PJ financeira,62
2020-06,Corretora/distribuidora,343
2020-06,Banco comercial,98
2020-06,PJ nao financeira,5405
2020-06,Pessoa fisica,16265
2020-06,Previdencia fechada (EFPC),142
2020-07,Outros,846
2020-07,Clube de investimento,850
2020-07,Outros fundos,4264
2020-07,FII,16
2020-07,Cotas de FIDC (outros FIDC/FIC-FIDC),146
2020-07,Capitalizacao,1
2020-07,Seguradora,4
2020-07,Regime proprio (RPPS),177
2020-07,Previdencia fechada (EFPC),145
2020-07,Investidor nao residente,141
2020-07,Outra PJ financeira,62
2020-07,Corretora/distribuidora,344
2020-07,Banco comercial,99
2020-07,PJ nao financeira,5537
2020-07,Pessoa fisica,17168
2020-07,Previdencia aberta (EAPC),17
2020-08,Seguradora,4
2020-08,Outros,1065
2020-08,Clube de investimento,886
2020-08,Outros fundos,4352
2020-08,FII,15
2020-08,Capitalizacao,1
2020-08,Regime proprio (RPPS),169
2020-08,Cotas de FIDC (outros FIDC/FIC-FIDC),145
2020-08,Previdencia aberta (EAPC),16
2020-08,Pessoa fisica,17860
2020-08,PJ nao financeira,5765
2020-08,Banco comercial,101
2020-08,Previdencia fechada (EFPC),145
2020-08,Outra PJ financeira,56
2020-08,Investidor nao residente,141
2020-08,Corretora/distribuidora,330
2020-09,Capitalizacao,1
2020-09,Outros,858
2020-09,Clube de investimento,950
2020-09,Outros fundos,4777
2020-09,FII,17
2020-09,Cotas de FIDC (outros FIDC/FIC-FIDC),145
2020-09,Seguradora,4
2020-09,Regime proprio (RPPS),169
2020-09,Previdencia fechada (EFPC),145
2020-09,Previdencia aberta (EAPC),16
2020-09,Investidor nao residente,144
2020-09,Outra PJ financeira,54
2020-09,Corretora/distribuidora,318
2020-09,Banco comercial,101
2020-09,PJ nao financeira,5666
2020-09,Pessoa fisica,18109
2020-10,Capitalizacao,2
2020-10,Cotas de FIDC (outros FIDC/FIC-FIDC),154
2020-10,FII,15
2020-10,Outros,1037
2020-10,Clube de investimento,993
2020-10,Seguradora,4
2020-10,Outros fundos,4961
2020-10,Regime proprio (RPPS),166
2020-10,Banco comercial,103
2020-10,Previdencia aberta (EAPC),16
2020-10,Investidor nao residente,141
2020-10,Outra PJ financeira,73
2020-10,Corretora/distribuidora,69
2020-10,PJ nao financeira,5994
2020-10,Pessoa fisica,18015
2020-10,Previdencia fechada (EFPC),147
2020-11,Seguradora,4
2020-11,Outros,849
2020-11,Clube de investimento,968
2020-11,Outros fundos,5113
2020-11,FII,21
2020-11,Cotas de FIDC (outros FIDC/FIC-FIDC),154
2020-11,Capitalizacao,0
2020-11,Regime proprio (RPPS),178
2020-11,Banco comercial,107
2020-11,Previdencia aberta (EAPC),16
2020-11,Investidor nao residente,131
2020-11,Outra PJ financeira,53
2020-11,Corretora/distribuidora,302
2020-11,PJ nao financeira,5926
2020-11,Pessoa fisica,18115
2020-11,Previdencia fechada (EFPC),147
2020-12,Outros,842
2020-12,Clube de investimento,997
2020-12,Outros fundos,5592
2020-12,FII,20
2020-12,Cotas de FIDC (outros FIDC/FIC-FIDC),154
2020-12,Capitalizacao,0
2020-12,Seguradora,3
2020-12,Regime proprio (RPPS),176
2020-12,Previdencia aberta (EAPC),24
2020-12,Investidor nao residente,149
2020-12,Outra PJ financeira,56
2020-12,Corretora/distribuidora,293
2020-12,Banco comercial,103
2020-12,PJ nao financeira,6071
2020-12,Pessoa fisica,18322
2020-12,Previdencia fechada (EFPC),142
2021-01,Regime proprio (RPPS),176
2021-01,Clube de investimento,1017
2021-01,Outros fundos,5697
2021-01,FII,21
2021-01,Cotas de FIDC (outros FIDC/FIC-FIDC),156
2021-01,Capitalizacao,0
2021-01,Seguradora,3
2021-01,Outros,880
2021-01,Previdencia fechada (EFPC),143
2021-01,Investidor nao residente,153
2021-01,Outra PJ financeira,61
2021-01,Corretora/distribuidora,287
2021-01,Banco comercial,106
2021-01,PJ nao financeira,6145
2021-01,Pessoa fisica,18384
2021-01,Previdencia aberta (EAPC),24
2021-02,Outros,837
2021-02,Clube de investimento,995
2021-02,Outros fundos,5789
2021-02,FII,30
2021-02,Cotas de FIDC (outros FIDC/FIC-FIDC),158
2021-02,Capitalizacao,0
2021-02,Seguradora,3
2021-02,Regime proprio (RPPS),176
2021-02,Previdencia fechada (EFPC),152
2021-02,Previdencia aberta (EAPC),15
2021-02,Investidor nao residente,160
2021-02,Outra PJ financeira,62
2021-02,Corretora/distribuidora,283
2021-02,Banco comercial,111
2021-02,PJ nao financeira,6225
2021-02,Pessoa fisica,18373
2021-03,Clube de investimento,1089
2021-03,Outros fundos,5810
2021-03,FII,36
2021-03,Cotas de FIDC (outros FIDC/FIC-FIDC),172
2021-03,Capitalizacao,0
2021-03,Seguradora,3
2021-03,Regime proprio (RPPS),176
2021-03,Outros,905
2021-03,Previdencia aberta (EAPC),15
2021-03,Investidor nao residente,157
2021-03,Outra PJ financeira,58
2021-03,Corretora/distribuidora,280
2021-03,Banco comercial,115
2021-03,PJ nao financeira,6281
2021-03,Pessoa fisica,18512
2021-03,Previdencia fechada (EFPC),158
2021-04,Clube de investimento,1132
2021-04,Outros fundos,6164
2021-04,FII,34
2021-04,Cotas de FIDC (outros FIDC/FIC-FIDC),167
2021-04,Capitalizacao,0
2021-04,Seguradora,3
2021-04,Regime proprio (RPPS),184
2021-04,Outros,1106
2021-04,Previdencia aberta (EAPC),16
2021-04,Investidor nao residente,166
2021-04,Outra PJ financeira,61
2021-04,Corretora/distribuidora,274
2021-04,Banco comercial,117
2021-04,PJ nao financeira,6260
2021-04,Pessoa fisica,17527
2021-04,Previdencia fechada (EFPC),150
2021-05,Outros,1086
2021-05,Clube de investimento,1169
2021-05,Outros fundos,6738
2021-05,FII,32
2021-05,Cotas de FIDC (outros FIDC/FIC-FIDC),161
2021-05,Capitalizacao,0
2021-05,Seguradora,3
2021-05,Regime proprio (RPPS),184
2021-05,Previdencia fechada (EFPC),149
2021-05,Investidor nao residente,178
2021-05,Outra PJ financeira,60
2021-05,Corretora/distribuidora,269
2021-05,Banco comercial,121
2021-05,PJ nao financeira,6621
2021-05,Pessoa fisica,17897
2021-05,Previdencia aberta (EAPC),16
2021-06,Seguradora,3
2021-06,Outros,1905
2021-06,Clube de investimento,1308
2021-06,Outros fundos,6932
2021-06,FII,36
2021-06,Capitalizacao,0
2021-06,Regime proprio (RPPS),178
2021-06,Cotas de FIDC (outros FIDC/FIC-FIDC),178
2021-06,Previdencia aberta (EAPC),16
2021-06,Pessoa fisica,18057
2021-06,PJ nao financeira,6939
2021-06,Banco comercial,131
2021-06,Previdencia fechada (EFPC),149
2021-06,Outra PJ financeira,64
2021-06,Investidor nao residente,179
2021-06,Corretora/distribuidora,271
2021-07,Capitalizacao,0
2021-07,Outros,1216
2021-07,Clube de investimento,1404
2021-07,Outros fundos,6983
2021-07,FII,37
2021-07,Cotas de FIDC (outros FIDC/FIC-FIDC),180
2021-07,Seguradora,3
2021-07,Regime proprio (RPPS),180
2021-07,Previdencia fechada (EFPC),145
2021-07,Previdencia aberta (EAPC),15
2021-07,Investidor nao residente,160
2021-07,Outra PJ financeira,67
2021-07,Corretora/distribuidora,266
2021-07,Banco comercial,135
2021-07,PJ nao financeira,6829
2021-07,Pessoa fisica,17940
2021-08,Capitalizacao,0
2021-08,Cotas de FIDC (outros FIDC/FIC-FIDC),206
2021-08,FII,34
2021-08,Outros,1436
2021-08,Clube de investimento,1419
2021-08,Seguradora,3
2021-08,Outros fundos,7330
2021-08,Regime proprio (RPPS),179
2021-08,Banco comercial,131
2021-08,Previdencia aberta (EAPC),11
2021-08,Investidor nao residente,158
2021-08,Outra PJ financeira,69
2021-08,Corretora/distribuidora,264
2021-08,PJ nao financeira,6794
2021-08,Pessoa fisica,17976
2021-08,Previdencia fechada (EFPC),145
2021-09,Seguradora,3
2021-09,Outros,1420
2021-09,Clube de investimento,19
2021-09,Outros fundos,8661
2021-09,FII,35
2021-09,Cotas de FIDC (outros FIDC/FIC-FIDC),209
2021-09,Capitalizacao,0
2021-09,Regime proprio (RPPS),179
2021-09,Banco comercial,134
2021-09,Previdencia aberta (EAPC),11
2021-09,Investidor nao residente,161
2021-09,Outra PJ financeira,73
2021-09,Corretora/distribuidora,258
2021-09,PJ nao financeira,6776
2021-09,Pessoa fisica,18096
2021-09,Previdencia fechada (EFPC),145
2021-10,Outros,1529
2021-10,Clube de investimento,155
2021-10,Outros fundos,8994
2021-10,FII,30
2021-10,Cotas de FIDC (outros FIDC/FIC-FIDC),217
2021-10,Capitalizacao,1
2021-10,Seguradora,2
2021-10,Regime proprio (RPPS),179
2021-10,Investidor nao residente,166
2021-10,Previdencia aberta (EAPC),11
2021-10,Outra PJ financeira,87
2021-10,Corretora/distribuidora,260
2021-10,Banco comercial,133
2021-10,PJ nao financeira,6826
2021-10,Pessoa fisica,18186
2021-10,Previdencia fechada (EFPC),152
2021-11,Cotas de FIDC (outros FIDC/FIC-FIDC),213
2021-11,FII,29
2021-11,Capitalizacao,0
2021-11,Clube de investimento,6
2021-11,Outros,1673
2021-11,Seguradora,3
2021-11,Outros fundos,9623
2021-11,Regime proprio (RPPS),180
2021-11,Previdencia fechada (EFPC),155
2021-11,Previdencia aberta (EAPC),12
2021-11,Investidor nao residente,162
2021-11,Outra PJ financeira,98
2021-11,Corretora/distribuidora,257
2021-11,Banco comercial,127
2021-11,PJ nao financeira,6499
2021-11,Pessoa fisica,9016
2021-12,Outros,4224
2021-12,Clube de investimento,6
2021-12,Outros fundos,10288
2021-12,FII,8
2021-12,Cotas de FIDC (outros FIDC/FIC-FIDC),238
2021-12,Capitalizacao,0
2021-12,Seguradora,3
2021-12,Regime proprio (RPPS),180
2021-12,Previdencia aberta (EAPC),12
2021-12,Investidor nao residente,159
2021-12,Outra PJ financeira,105
2021-12,Corretora/distribuidora,259
2021-12,Banco comercial,132
2021-12,PJ nao financeira,6585
2021-12,Pessoa fisica,9271
2021-12,Previdencia fechada (EFPC),157
2022-01,Seguradora,3
2022-01,Outros,4475
2022-01,Clube de investimento,15
2022-01,Outros fundos,10286
2022-01,FII,7
2022-01,Cotas de FIDC (outros FIDC/FIC-FIDC),240
2022-01,Capitalizacao,0
2022-01,Regime proprio (RPPS),180
2022-01,Pessoa fisica,9553
2022-01,Previdencia aberta (EAPC),12
2022-01,Investidor nao residente,152
2022-01,Outra PJ financeira,107
2022-01,Corretora/distribuidora,255
2022-01,Banco comercial,133
2022-01,PJ nao financeira,6679
2022-01,Previdencia fechada (EFPC),153
2022-02,Seguradora,3
2022-02,Outros,4977
2022-02,Clube de investimento,7
2022-02,Outros fundos,10706
2022-02,FII,7
2022-02,Cotas de FIDC (outros FIDC/FIC-FIDC),224
2022-02,Capitalizacao,0
2022-02,Regime proprio (RPPS),180
2022-02,Pessoa fisica,9398
2022-02,Previdencia aberta (EAPC),12
2022-02,Investidor nao residente,148
2022-02,Outra PJ financeira,112
2022-02,Corretora/distribuidora,74
2022-02,Banco comercial,158
2022-02,PJ nao financeira,6658
2022-02,Previdencia fechada (EFPC),155
2022-03,Outros,5037
2022-03,Clube de investimento,10
2022-03,Outros fundos,10962
2022-03,FII,9
2022-03,Cotas de FIDC (outros FIDC/FIC-FIDC),229
2022-03,Capitalizacao,0
2022-03,Seguradora,3
2022-03,Regime proprio (RPPS),181
2022-03,Previdencia aberta (EAPC),12
2022-03,Investidor nao residente,159
2022-03,Outra PJ financeira,163
2022-03,Corretora/distribuidora,71
2022-03,Banco comercial,156
2022-03,PJ nao financeira,6557
2022-03,Pessoa fisica,9707
2022-03,Previdencia fechada (EFPC),151
2022-04,Regime proprio (RPPS),181
2022-04,Clube de investimento,8
2022-04,Outros fundos,11291
2022-04,FII,12
2022-04,Cotas de FIDC (outros FIDC/FIC-FIDC),230
2022-04,Capitalizacao,0
2022-04,Seguradora,3
2022-04,Outros,5317
2022-04,Previdencia fechada (EFPC),146
2022-04,Investidor nao residente,150
2022-04,Pessoa fisica,14498
2022-04,PJ nao financeira,6687
2022-04,Previdencia aberta (EAPC),12
2022-04,Corretora/distribuidora,74
2022-04,Outra PJ financeira,143
2022-04,Banco comercial,157
2022-05,Outros,5318
2022-05,Clube de investimento,2
2022-05,Outros fundos,11665
2022-05,FII,10
2022-05,Cotas de FIDC (outros FIDC/FIC-FIDC),280
2022-05,Seguradora,3
2022-05,Regime proprio (RPPS),182
2022-05,Capitalizacao,0
2022-05,Previdencia aberta (EAPC),12
2022-05,Investidor nao residente,187
2022-05,Outra PJ financeira,147
2022-05,Corretora/distribuidora,72
2022-05,Banco comercial,134
2022-05,PJ nao financeira,6755
2022-05,Pessoa fisica,9836
2022-05,Previdencia fechada (EFPC),144
2022-06,Seguradora,12
2022-06,Outros,4959
2022-06,Clube de investimento,11
2022-06,Outros fundos,16447
2022-06,FII,18
2022-06,Cotas de FIDC (outros FIDC/FIC-FIDC),264
2022-06,Capitalizacao,4
2022-06,Regime proprio (RPPS),183
2022-06,Banco comercial,151
2022-06,Previdencia aberta (EAPC),12
2022-06,Investidor nao residente,201
2022-06,Outra PJ financeira,251
2022-06,Corretora/distribuidora,78
2022-06,PJ nao financeira,2592
2022-06,Pessoa fisica,15106
2022-06,Previdencia fechada (EFPC),188
2022-07,Seguradora,2
2022-07,Clube de investimento,30
2022-07,Outros fundos,11956
2022-07,Outros,5151
2022-07,FII,11
2022-07,Cotas de FIDC (outros FIDC/FIC-FIDC),230
2022-07,Capitalizacao,0
2022-07,Regime proprio (RPPS),181
2022-07,Banco comercial,148
2022-07,Previdencia aberta (EAPC),13
2022-07,Previdencia fechada (EFPC),145
2022-07,PJ nao financeira,6771
2022-07,Pessoa fisica,22285
2022-07,Outra PJ financeira,141
2022-07,Corretora/distribuidora,77
2022-07,Investidor nao residente,199
2022-08,Outros,5123
2022-08,Clube de investimento,26
2022-08,Outros fundos,12338
2022-08,FII,12
2022-08,Cotas de FIDC (outros FIDC/FIC-FIDC),242
2022-08,Seguradora,2
2022-08,Previdencia fechada (EFPC),140
2022-08,Capitalizacao,4
2022-08,Investidor nao residente,191
2022-08,Outra PJ financeira,139
2022-08,Corretora/distribuidora,86
2022-08,Banco comercial,146
2022-08,PJ nao financeira,6889
2022-08,Pessoa fisica,22486
2022-08,Previdencia aberta (EAPC),13
2022-08,Regime proprio (RPPS),181
2022-09,Outros,5196
2022-09,Regime proprio (RPPS),181
2022-09,Clube de investimento,18
2022-09,Outros fundos,12370
2022-09,FII,19
2022-09,Cotas de FIDC (outros FIDC/FIC-FIDC),257
2022-09,Capitalizacao,5
2022-09,Seguradora,2
2022-09,Previdencia fechada (EFPC),140
2022-09,Investidor nao residente,189
2022-09,Outra PJ financeira,133
2022-09,Corretora/distribuidora,80
2022-09,Banco comercial,166
2022-09,PJ nao financeira,6781
2022-09,Pessoa fisica,22684
2022-09,Previdencia aberta (EAPC),13
2022-10,Outros,5166
2022-10,Clube de investimento,222
2022-10,Outros fundos,12895
2022-10,FII,14
2022-10,Cotas de FIDC (outros FIDC/FIC-FIDC),270
2022-10,Capitalizacao,5
2022-10,Seguradora,2
2022-10,Regime proprio (RPPS),181
2022-10,Previdencia fechada (EFPC),140
2022-10,Previdencia aberta (EAPC),13
2022-10,Investidor nao residente,198
2022-10,Outra PJ financeira,140
2022-10,Corretora/distribuidora,84
2022-10,Banco comercial,165
2022-10,PJ nao financeira,6843
2022-10,Pessoa fisica,23016
2022-11,Clube de investimento,271
2022-11,Outros fundos,12900
2022-11,FII,16
2022-11,Cotas de FIDC (outros FIDC/FIC-FIDC),257
2022-11,Capitalizacao,3
2022-11,Seguradora,1
2022-11,Regime proprio (RPPS),181
2022-11,Outros,5197
2022-11,Previdencia aberta (EAPC),14
2022-11,Investidor nao residente,205
2022-11,Outra PJ financeira,146
2022-11,Corretora/distribuidora,77
2022-11,Banco comercial,160
2022-11,PJ nao financeira,6526
2022-11,Pessoa fisica,21205
2022-11,Previdencia fechada (EFPC),141
2022-12,Clube de investimento,71
2022-12,Outros fundos,18124
2022-12,FII,19
2022-12,Cotas de FIDC (outros FIDC/FIC-FIDC),308
2022-12,Capitalizacao,8
2022-12,Seguradora,8
2022-12,Regime proprio (RPPS),216
2022-12,Outros,5128
2022-12,Previdencia aberta (EAPC),13
2022-12,Investidor nao residente,221
2022-12,Outra PJ financeira,260
2022-12,Corretora/distribuidora,81
2022-12,Banco comercial,173
2022-12,PJ nao financeira,2350
2022-12,Pessoa fisica,21639
2022-12,Previdencia fechada (EFPC),157
2023-01,Outros,5133
2023-01,Clube de investimento,65
2023-01,Outros fundos,18454
2023-01,FII,19
2023-01,Cotas de FIDC (outros FIDC/FIC-FIDC),437
2023-01,Capitalizacao,7
2023-01,Seguradora,7
2023-01,Regime proprio (RPPS),216
2023-01,Previdencia fechada (EFPC),161
2023-01,Investidor nao residente,236
2023-01,Outra PJ financeira,282
2023-01,Corretora/distribuidora,85
2023-01,Banco comercial,176
2023-01,PJ nao financeira,1900
2023-01,Pessoa fisica,22139
2023-01,Previdencia aberta (EAPC),14
2023-02,Seguradora,18
2023-02,Clube de investimento,65
2023-02,Outros fundos,18671
2023-02,FII,20
2023-02,Cotas de FIDC (outros FIDC/FIC-FIDC),433
2023-02,Capitalizacao,6
2023-02,Regime proprio (RPPS),222
2023-02,Outros,5102
2023-02,Previdencia aberta (EAPC),13
2023-02,Investidor nao residente,249
2023-02,Outra PJ financeira,317
2023-02,Corretora/distribuidora,101
2023-02,Banco comercial,193
2023-02,PJ nao financeira,1869
2023-02,Pessoa fisica,21981
2023-02,Previdencia fechada (EFPC),182
2023-03,Outros,5071
2023-03,Clube de investimento,73
2023-03,Outros fundos,18694
2023-03,FII,25
2023-03,Cotas de FIDC (outros FIDC/FIC-FIDC),472
2023-03,Capitalizacao,6
2023-03,Seguradora,19
2023-03,Regime proprio (RPPS),219
2023-03,Previdencia fechada (EFPC),178
2023-03,Previdencia aberta (EAPC),12
2023-03,Investidor nao residente,236
2023-03,Outra PJ financeira,269
2023-03,Corretora/distribuidora,107
2023-03,Banco comercial,194
2023-03,PJ nao financeira,1894
2023-03,Pessoa fisica,22133
2023-04,Clube de investimento,145
2023-04,Outros fundos,18919
2023-04,FII,28
2023-04,Cotas de FIDC (outros FIDC/FIC-FIDC),420
2023-04,Capitalizacao,16
2023-04,Seguradora,18
2023-04,Regime proprio (RPPS),219
2023-04,Outros,4971
2023-04,Previdencia aberta (EAPC),12
2023-04,Investidor nao residente,235
2023-04,Outra PJ financeira,283
2023-04,Corretora/distribuidora,107
2023-04,Banco comercial,201
2023-04,PJ nao financeira,1896
2023-04,Pessoa fisica,22140
2023-04,Previdencia fechada (EFPC),176
2023-05,Clube de investimento,66
2023-05,Outros fundos,19322
2023-05,FII,33
2023-05,Cotas de FIDC (outros FIDC/FIC-FIDC),444
2023-05,Capitalizacao,10
2023-05,Seguradora,18
2023-05,Regime proprio (RPPS),220
2023-05,Outros,4937
2023-05,Previdencia aberta (EAPC),12
2023-05,Investidor nao residente,243
2023-05,Outra PJ financeira,297
2023-05,Corretora/distribuidora,96
2023-05,Banco comercial,197
2023-05,PJ nao financeira,1956
2023-05,Pessoa fisica,22138
2023-05,Previdencia fechada (EFPC),178
2023-06,Outros,5053
2023-06,Clube de investimento,65
2023-06,Outros fundos,19761
2023-06,FII,42
2023-06,Cotas de FIDC (outros FIDC/FIC-FIDC),281
2023-06,Capitalizacao,12
2023-06,Seguradora,20
2023-06,Regime proprio (RPPS),220
2023-06,Previdencia fechada (EFPC),196
2023-06,Investidor nao residente,246
2023-06,Outra PJ financeira,291
2023-06,Corretora/distribuidora,102
2023-06,Banco comercial,205
2023-06,PJ nao financeira,1880
2023-06,Pessoa fisica,22579
2023-06,Previdencia aberta (EAPC),18
2023-07,Seguradora,20
2023-07,Outros,4717
2023-07,Clube de investimento,67
2023-07,Outros fundos,22066
2023-07,FII,23
2023-07,Cotas de FIDC (outros FIDC/FIC-FIDC),286
2023-07,Capitalizacao,11
2023-07,Regime proprio (RPPS),219
2023-07,Previdencia fechada (EFPC),196
2023-07,Previdencia aberta (EAPC),17
2023-07,Investidor nao residente,249
2023-07,Outra PJ financeira,287
2023-07,Corretora/distribuidora,43
2023-07,Banco comercial,216
2023-07,PJ nao financeira,1962
2023-07,Pessoa fisica,22881
2023-08,Outros,5076
2023-08,Clube de investimento,73
2023-08,Outros fundos,23377
2023-08,FII,11
2023-08,Cotas de FIDC (outros FIDC/FIC-FIDC),305
2023-08,Capitalizacao,10
2023-08,Seguradora,20
2023-08,Regime proprio (RPPS),220
2023-08,Previdencia aberta (EAPC),17
2023-08,Investidor nao residente,258
2023-08,Outra PJ financeira,311
2023-08,Corretora/distribuidora,92
2023-08,Banco comercial,220
2023-08,PJ nao financeira,2036
2023-08,Pessoa fisica,23051
2023-08,Previdencia fechada (EFPC),196
2023-09,Seguradora,17
2023-09,Outros,5101
2023-09,Clube de investimento,133
2023-09,Outros fundos,22645
2023-09,FII,65
2023-09,Cotas de FIDC (outros FIDC/FIC-FIDC),313
2023-09,Capitalizacao,13
2023-09,Regime proprio (RPPS),219
2023-09,Pessoa fisica,23306
2023-09,Previdencia aberta (EAPC),17
2023-09,Investidor nao residente,250
2023-09,Outra PJ financeira,311
2023-09,Corretora/distribuidora,95
2023-09,Banco comercial,219
2023-09,PJ nao financeira,2198
2023-09,Previdencia fechada (EFPC),192
2023-10,Seguradora,32
2023-10,Outros,5304
2023-10,Clube de investimento,180
2023-10,Outros fundos,23694
2023-10,FII,22
2023-10,Cotas de FIDC (outros FIDC/FIC-FIDC),315
2023-10,Capitalizacao,6
2023-10,Regime proprio (RPPS),209
2023-10,Pessoa fisica,23094
2023-10,Previdencia aberta (EAPC),17
2023-10,Investidor nao residente,251
2023-10,Outra PJ financeira,222
2023-10,Corretora/distribuidora,103
2023-10,Banco comercial,233
2023-10,PJ nao financeira,2110
2023-10,Previdencia fechada (EFPC),192
2023-11,Outros,5851
2023-11,Clube de investimento,92
2023-11,Outros fundos,24331
2023-11,FII,34
2023-11,Cotas de FIDC (outros FIDC/FIC-FIDC),344
2023-11,Capitalizacao,6
2023-11,Seguradora,18
2023-11,Regime proprio (RPPS),205
2023-11,Previdencia aberta (EAPC),17
2023-11,Investidor nao residente,242
2023-11,Outra PJ financeira,295
2023-11,Corretora/distribuidora,99
2023-11,Banco comercial,249
2023-11,PJ nao financeira,2415
2023-11,Pessoa fisica,22929
2023-11,Previdencia fechada (EFPC),189
2023-12,Seguradora,34
2023-12,Outros,6361
2023-12,Clube de investimento,95
2023-12,Outros fundos,26137
2023-12,FII,46
2023-12,Cotas de FIDC (outros FIDC/FIC-FIDC),387
2023-12,Capitalizacao,7
2023-12,Regime proprio (RPPS),208
2023-12,Previdencia fechada (EFPC),187
2023-12,Previdencia aberta (EAPC),17
2023-12,Investidor nao residente,253
2023-12,Outra PJ financeira,286
2023-12,Corretora/distribuidora,100
2023-12,Banco comercial,259
2023-12,PJ nao financeira,2300
2023-12,Pessoa fisica,25063
2024-01,Outros,5669
2024-01,Clube de investimento,114
2024-01,Outros fundos,26644
2024-01,FII,31
2024-01,Cotas de FIDC (outros FIDC/FIC-FIDC),420
2024-01,Capitalizacao,7
2024-01,Seguradora,20
2024-01,Regime proprio (RPPS),205
2024-01,Previdencia aberta (EAPC),17
2024-01,Investidor nao residente,246
2024-01,Outra PJ financeira,285
2024-01,Corretora/distribuidora,101
2024-01,Banco comercial,259
2024-01,PJ nao financeira,2276
2024-01,Pessoa fisica,21063
2024-01,Previdencia fechada (EFPC),187
2024-02,Seguradora,20
2024-02,Outros,5745
2024-02,Clube de investimento,117
2024-02,Outros fundos,26983
2024-02,FII,37
2024-02,Cotas de FIDC (outros FIDC/FIC-FIDC),454
2024-02,Capitalizacao,7
2024-02,Regime proprio (RPPS),205
2024-02,Pessoa fisica,31714
2024-02,Previdencia aberta (EAPC),17
2024-02,Investidor nao residente,255
2024-02,Outra PJ financeira,288
2024-02,Corretora/distribuidora,104
2024-02,Banco comercial,269
2024-02,PJ nao financeira,2284
2024-02,Previdencia fechada (EFPC),194
2024-03,Seguradora,19
2024-03,Outros,6037
2024-03,Clube de investimento,90
2024-03,Outros fundos,29414
2024-03,FII,32
2024-03,Cotas de FIDC (outros FIDC/FIC-FIDC),448
2024-03,Capitalizacao,7
2024-03,Regime proprio (RPPS),205
2024-03,Pessoa fisica,36355
2024-03,Previdencia aberta (EAPC),17
2024-03,Investidor nao residente,261
2024-03,Outra PJ financeira,299
2024-03,Corretora/distribuidora,108
2024-03,Banco comercial,277
2024-03,PJ nao financeira,2270
2024-03,Previdencia fechada (EFPC),192
2024-04,Outros,6125
2024-04,Clube de investimento,85
2024-04,Outros fundos,29678
2024-04,FII,48
2024-04,Cotas de FIDC (outros FIDC/FIC-FIDC),442
2024-04,Capitalizacao,7
2024-04,Seguradora,24
2024-04,Regime proprio (RPPS),205
2024-04,Previdencia aberta (EAPC),17
2024-04,Investidor nao residente,224
2024-04,Outra PJ financeira,290
2024-04,Corretora/distribuidora,250
2024-04,Banco comercial,274
2024-04,PJ nao financeira,2340
2024-04,Pessoa fisica,38627
2024-04,Previdencia fechada (EFPC),192
2024-05,Seguradora,25
2024-05,Outros,6263
2024-05,Clube de investimento,190
2024-05,Outros fundos,29636
2024-05,FII,204
2024-05,Cotas de FIDC (outros FIDC/FIC-FIDC),550
2024-05,Capitalizacao,6
2024-05,Regime proprio (RPPS),204
2024-05,Previdencia fechada (EFPC),193
2024-05,Previdencia aberta (EAPC),17
2024-05,Investidor nao residente,236
2024-05,Outra PJ financeira,210
2024-05,Corretora/distribuidora,933
2024-05,Banco comercial,291
2024-05,PJ nao financeira,2354
2024-05,Pessoa fisica,44786
2024-06,Outros,6750
2024-06,Clube de investimento,745
2024-06,Outros fundos,31163
2024-06,FII,203
2024-06,Cotas de FIDC (outros FIDC/FIC-FIDC),549
2024-06,Capitalizacao,7
2024-06,Seguradora,27
2024-06,Regime proprio (RPPS),217
2024-06,Previdencia fechada (EFPC),197
2024-06,Previdencia aberta (EAPC),16
2024-06,Investidor nao residente,215
2024-06,Outra PJ financeira,224
2024-06,Corretora/distribuidora,58
2024-06,Banco comercial,274
2024-06,PJ nao financeira,2335
2024-06,Pessoa fisica,47311
2024-07,Clube de investimento,108
2024-07,Outros fundos,33618
2024-07,FII,315
2024-07,Cotas de FIDC (outros FIDC/FIC-FIDC),522
2024-07,Capitalizacao,7
2024-07,Seguradora,27
2024-07,Regime proprio (RPPS),217
2024-07,Outros,6291
2024-07,Previdencia aberta (EAPC),17
2024-07,Investidor nao residente,212
2024-07,Outra PJ financeira,217
2024-07,Corretora/distribuidora,71
2024-07,Banco comercial,430
2024-07,PJ nao financeira,2342
2024-07,Pessoa fisica,49219
2024-07,Previdencia fechada (EFPC),197
2024-08,Clube de investimento,92
2024-08,Outros fundos,34524
2024-08,FII,201
2024-08,Cotas de FIDC (outros FIDC/FIC-FIDC),565
2024-08,Capitalizacao,10
2024-08,Seguradora,27
2024-08,Regime proprio (RPPS),217
2024-08,Outros,7823
2024-08,Previdencia aberta (EAPC),16
2024-08,Investidor nao residente,207
2024-08,Outra PJ financeira,213
2024-08,Corretora/distribuidora,68
2024-08,Banco comercial,414
2024-08,PJ nao financeira,2470
2024-08,Pessoa fisica,52156
2024-08,Previdencia fechada (EFPC),200
2024-09,Outros,9315
2024-09,Clube de investimento,85
2024-09,Outros fundos,36097
2024-09,FII,221
2024-09,Cotas de FIDC (outros FIDC/FIC-FIDC),612
2024-09,Capitalizacao,7
2024-09,Seguradora,28
2024-09,Regime proprio (RPPS),217
2024-09,Previdencia fechada (EFPC),202
2024-09,Investidor nao residente,216
2024-09,Outra PJ financeira,215
2024-09,Corretora/distribuidora,1201
2024-09,Banco comercial,325
2024-09,PJ nao financeira,2390
2024-09,Pessoa fisica,52394
2024-09,Previdencia aberta (EAPC),18
2024-10,Seguradora,30
2024-10,Clube de investimento,85
2024-10,Outros fundos,45644
2024-10,FII,215
2024-10,Outros,9990
2024-10,Capitalizacao,7
2024-10,Regime proprio (RPPS),216
2024-10,Cotas de FIDC (outros FIDC/FIC-FIDC),674
2024-10,Previdencia aberta (EAPC),18
2024-10,Investidor nao residente,209
2024-10,Outra PJ financeira,223
2024-10,Corretora/distribuidora,70
2024-10,Banco comercial,323
2024-10,PJ nao financeira,2453
2024-10,Pessoa fisica,57944
2024-10,Previdencia fechada (EFPC),196
2024-11,Outros,23333
2024-11,Clube de investimento,88
2024-11,Outros fundos,54871
2024-11,FII,220
2024-11,Cotas de FIDC (outros FIDC/FIC-FIDC),665
2024-11,Capitalizacao,7
2024-11,Seguradora,30
2024-11,Regime proprio (RPPS),217
2024-11,Previdencia fechada (EFPC),194
2024-11,Previdencia aberta (EAPC),18
2024-11,Investidor nao residente,208
2024-11,Outra PJ financeira,245
2024-11,Corretora/distribuidora,2228
2024-11,Banco comercial,324
2024-11,PJ nao financeira,2450
2024-11,Pessoa fisica,62619
2024-12,Pessoa fisica,57284
2024-12,PJ nao financeira,2421
2024-12,Banco comercial,368
2024-12,Corretora/distribuidora,2259
2024-12,Outra PJ financeira,243
2024-12,Investidor nao residente,188
2024-12,Previdencia aberta (EAPC),18
2024-12,Previdencia fechada (EFPC),199
2024-12,Regime proprio (RPPS),216
2024-12,Seguradora,37
2024-12,Capitalizacao,10
2024-12,Cotas de FIDC (outros FIDC/FIC-FIDC),752
2024-12,FII,239
2024-12,Outros fundos,62359
2024-12,Clube de investimento,69
2024-12,Outros,21931
2025-01,Clube de investimento,87
2025-01,Outros fundos,71360
2025-01,FII,237
2025-01,Cotas de FIDC (outros FIDC/FIC-FIDC),851
2025-01,Capitalizacao,10
2025-01,Seguradora,37
2025-01,Regime proprio (RPPS),216
2025-01,Outros,21293
2025-01,Previdencia aberta (EAPC),19
2025-01,Investidor nao residente,184
2025-01,Outra PJ financeira,238
2025-01,Corretora/distribuidora,2286
2025-01,Banco comercial,361
2025-01,PJ nao financeira,2592
2025-01,Pessoa fisica,65788
2025-01,Previdencia fechada (EFPC),209
2025-02,Outros,22833
2025-02,Clube de investimento,76
2025-02,Outros fundos,75043
2025-02,FII,238
2025-02,Cotas de FIDC (outros FIDC/FIC-FIDC),926
2025-02,Capitalizacao,10
2025-02,Seguradora,36
2025-02,Regime proprio (RPPS),216
2025-02,Previdencia fechada (EFPC),201
2025-02,Investidor nao residente,179
2025-02,Outra PJ financeira,241
2025-02,Corretora/distribuidora,2287
2025-02,Banco comercial,370
2025-02,PJ nao financeira,2594
2025-02,Pessoa fisica,69087
2025-02,Previdencia aberta (EAPC),19
2025-03,Seguradora,47
2025-03,Outros,25988
2025-03,Clube de investimento,74
2025-03,Outros fundos,80483
2025-03,FII,241
2025-03,Cotas de FIDC (outros FIDC/FIC-FIDC),1021
2025-03,Capitalizacao,11
2025-03,Regime proprio (RPPS),227
2025-03,Previdencia fechada (EFPC),212
2025-03,Previdencia aberta (EAPC),19
2025-03,Investidor nao residente,181
2025-03,Outra PJ financeira,255
2025-03,Corretora/distribuidora,2296
2025-03,Banco comercial,387
2025-03,PJ nao financeira,2694
2025-03,Pessoa fisica,78027
2025-04,Outros,28816
2025-04,Clube de investimento,77
2025-04,Outros fundos,88842
2025-04,FII,243
2025-04,Cotas de FIDC (outros FIDC/FIC-FIDC),1044
2025-04,Capitalizacao,10
2025-04,Seguradora,38
2025-04,Regime proprio (RPPS),229
2025-04,Previdencia fechada (EFPC),215
2025-04,Previdencia aberta (EAPC),19
2025-04,Investidor nao residente,179
2025-04,Outra PJ financeira,350
2025-04,Corretora/distribuidora,2321
2025-04,Banco comercial,436
2025-04,PJ nao financeira,4512
2025-04,Pessoa fisica,80718
2025-05,Clube de investimento,90
2025-05,Outros fundos,98863
2025-05,FII,239
2025-05,Cotas de FIDC (outros FIDC/FIC-FIDC),1059
2025-05,Capitalizacao,11
2025-05,Seguradora,38
2025-05,Regime proprio (RPPS),217
2025-05,Outros,43262
2025-05,Previdencia aberta (EAPC),19
2025-05,Investidor nao residente,178
2025-05,Outra PJ financeira,626
2025-05,Corretora/distribuidora,2278
2025-05,Banco comercial,394
2025-05,PJ nao financeira,2805
2025-05,Pessoa fisica,83557
2025-05,Previdencia fechada (EFPC),218
2025-06,Clube de investimento,92
2025-06,Outros fundos,105898
2025-06,FII,252
2025-06,Cotas de FIDC (outros FIDC/FIC-FIDC),1055
2025-06,Capitalizacao,10
2025-06,Seguradora,32
2025-06,Regime proprio (RPPS),217
2025-06,Outros,63886
2025-06,Previdencia aberta (EAPC),19
2025-06,Investidor nao residente,177
2025-06,Outra PJ financeira,1088
2025-06,Corretora/distribuidora,3016
2025-06,Banco comercial,413
2025-06,PJ nao financeira,2803
2025-06,Pessoa fisica,95326
2025-06,Previdencia fechada (EFPC),223
2025-07,Outros,67926
2025-07,Clube de investimento,112
2025-07,Outros fundos,140317
2025-07,FII,224
2025-07,Cotas de FIDC (outros FIDC/FIC-FIDC),910
2025-07,Capitalizacao,9
2025-07,Seguradora,44
2025-07,Regime proprio (RPPS),217
2025-07,Previdencia fechada (EFPC),216
2025-07,Investidor nao residente,169
2025-07,Outra PJ financeira,825
2025-07,Corretora/distribuidora,3130
2025-07,Banco comercial,421
2025-07,PJ nao financeira,2839
2025-07,Pessoa fisica,114247
2025-07,Previdencia aberta (EAPC),19
2025-08,Seguradora,41
2025-08,Clube de investimento,132
2025-08,Outros fundos,160654
2025-08,FII,193
2025-08,Outros,85734
2025-08,Capitalizacao,8
2025-08,Regime proprio (RPPS),216
2025-08,Cotas de FIDC (outros FIDC/FIC-FIDC),860
2025-08,Previdencia aberta (EAPC),9
2025-08,Investidor nao residente,166
2025-08,Outra PJ financeira,1193
2025-08,Corretora/distribuidora,3192
2025-08,Banco comercial,419
2025-08,PJ nao financeira,2967
2025-08,Pessoa fisica,118110
2025-08,Previdencia fechada (EFPC),209
2025-09,Outros,81837
2025-09,Clube de investimento,50
2025-09,Outros fundos,153896
2025-09,FII,160
2025-09,Cotas de FIDC (outros FIDC/FIC-FIDC),1384
2025-09,Capitalizacao,27
2025-09,Seguradora,46
2025-09,Regime proprio (RPPS),207
2025-09,Previdencia fechada (EFPC),212
2025-09,Previdencia aberta (EAPC),9
2025-09,Investidor nao residente,161
2025-09,Outra PJ financeira,1788
2025-09,Corretora/distribuidora,32521
2025-09,Banco comercial,442
2025-09,PJ nao financeira,3162
2025-09,Pessoa fisica,82622
2025-10,Clube de investimento,93
2025-10,Outros fundos,157867
2025-10,FII,160
2025-10,Cotas de FIDC (outros FIDC/FIC-FIDC),1473
2025-10,Capitalizacao,26
2025-10,Seguradora,406
2025-10,Regime proprio (RPPS),207
2025-10,Outros,83973
2025-10,Previdencia aberta (EAPC),9
2025-10,Investidor nao residente,157
2025-10,Outra PJ financeira,1824
2025-10,Corretora/distribuidora,32807
2025-10,Banco comercial,481
2025-10,PJ nao financeira,3269
2025-10,Pessoa fisica,82051
2025-10,Previdencia fechada (EFPC),214
2025-11,Clube de investimento,69
2025-11,Outros fundos,167272
2025-11,FII,160
2025-11,Cotas de FIDC (outros FIDC/FIC-FIDC),1513
2025-11,Capitalizacao,27
2025-11,Seguradora,40
2025-11,Regime proprio (RPPS),207
2025-11,Outros,81354
2025-11,Previdencia aberta (EAPC),9
2025-11,Investidor nao residente,157
2025-11,Outra PJ financeira,284
2025-11,Corretora/distribuidora,33281
2025-11,Banco comercial,530
2025-11,PJ nao financeira,3328
2025-11,Pessoa fisica,85686
2025-11,Previdencia fechada (EFPC),213
2025-12,Pessoa fisica,88272
2025-12,PJ nao financeira,3275
2025-12,Banco comercial,1927
2025-12,Corretora/distribuidora,35617
2025-12,Outra PJ financeira,268
2025-12,Investidor nao residente,155
2025-12,Previdencia aberta (EAPC),9
2025-12,Previdencia fechada (EFPC),214
2025-12,Regime proprio (RPPS),173
2025-12,Seguradora,39
2025-12,Capitalizacao,27
2025-12,Cotas de FIDC (outros FIDC/FIC-FIDC),1443
2025-12,FII,177
2025-12,Outros fundos,160025
2025-12,Clube de investimento,7776
2025-12,Outros,87763
2026-01,Seguradora,37
2026-01,Clube de investimento,7764
2026-01,Outros fundos,164422
2026-01,FII,173
2026-01,Outros,93972
2026-01,Capitalizacao,27
2026-01,Regime proprio (RPPS),175
2026-01,Cotas de FIDC (outros FIDC/FIC-FIDC),1506
2026-01,Previdencia aberta (EAPC),9
2026-01,Investidor nao residente,156
2026-01,Outra PJ financeira,278
2026-01,Corretora/distribuidora,35756
2026-01,Banco comercial,1836
2026-01,PJ nao financeira,3315
2026-01,Pessoa fisica,87328
2026-01,Previdencia fechada (EFPC),238
2026-02,Clube de investimento,7359
2026-02,Outros fundos,169676
2026-02,FII,183
2026-02,Cotas de FIDC (outros FIDC/FIC-FIDC),1623
2026-02,Capitalizacao,12
2026-02,Seguradora,33
2026-02,Regime proprio (RPPS),178
2026-02,Outros,94638
2026-02,Previdencia aberta (EAPC),9
2026-02,Investidor nao residente,154
2026-02,Outra PJ financeira,288
2026-02,Corretora/distribuidora,36197
2026-02,Banco comercial,1833
2026-02,PJ nao financeira,3324
2026-02,Pessoa fisica,90226
2026-02,Previdencia fechada (EFPC),199
2026-03,Outros,97454
2026-03,Clube de investimento,7800
2026-03,Outros fundos,175137
2026-03,FII,206
2026-03,Cotas de FIDC (outros FIDC/FIC-FIDC),1677
2026-03,Capitalizacao,9
2026-03,Seguradora,20
2026-03,Regime proprio (RPPS),177
2026-03,Previdencia fechada (EFPC),198
2026-03,Investidor nao residente,154
2026-03,Outra PJ financeira,304
2026-03,Corretora/distribuidora,35330
2026-03,Banco comercial,2050
2026-03,PJ nao financeira,3535
2026-03,Pessoa fisica,92118
2026-03,Previdencia aberta (EAPC),8
2026-04,Seguradora,12
2026-04,Clube de investimento,130
2026-04,Outros fundos,190806
2026-04,FII,170
2026-04,Outros,102330
2026-04,Cotas de FIDC (outros FIDC/FIC-FIDC),1712
2026-04,Capitalizacao,10
2026-04,Regime proprio (RPPS),178
2026-04,Corretora/distribuidora,36482
2026-04,Previdencia aberta (EAPC),8
2026-04,Investidor nao residente,154
2026-04,Outra PJ financeira,296
2026-04,Banco comercial,2080
2026-04,PJ nao financeira,3540
2026-04,Pessoa fisica,96029
2026-04,Previdencia fechada (EFPC),172
2026-05,Pessoa fisica,96525
2026-05,PJ nao financeira,5760
2026-05,Banco comercial,1886
2026-05,Corretora/distribuidora,36123
2026-05,Outra PJ financeira,297
2026-05,Investidor nao residente,147
2026-05,Previdencia aberta (EAPC),5
2026-05,Previdencia fechada (EFPC),171
2026-05,Regime proprio (RPPS),156
2026-05,Seguradora,12
2026-05,Capitalizacao,11
2026-05,Cotas de FIDC (outros FIDC/FIC-FIDC),1747
2026-05,FII,47
2026-05,Outros fundos,195841
2026-05,Clube de investimento,56
2026-05,Outros,106861
2026-06,Pessoa fisica,8547
2026-06,PJ nao financeira,3280
2026-06,Banco comercial,237
2026-06,Corretora/distribuidora,784
2026-06,Outra PJ financeira,93
2026-06,Investidor nao residente,74
2026-06,Previdencia aberta (EAPC),1
2026-06,Previdencia fechada (EFPC),55
2026-06,Regime proprio (RPPS),26
2026-06,Seguradora,5
2026-06,Capitalizacao,0
2026-06,Cotas de FIDC (outros FIDC/FIC-FIDC),706
2026-06,FII,7
2026-06,Outros fundos,12683
2026-06,Clube de investimento,29
2026-06,Outros,36528
