chunk_id,extracted_at_utc,documents,ready_docs,cached_docs,pdf_docs,json_docs,text_cache_docs,ocr_ready_docs,ocr_required_docs,error_docs,page_count,pages_processed,pages_with_text,text_chars,cache_bytes,avg_confidence,status_mix,source_methods,sample_documents,rerun_command
doc-0001,2026-07-09T19:07:15+00:00,116,116,116,100,0,16,0,0,0,3713,3729,3729,9415375,2683837,0.8069,text_ready,pypdf_all_pages | text_cache_utf-8,"928766_assembleia_assembleia_928766_2025-06-30.pdf, 939819_assembleia_assembleia_939819_2025-06-30.pdf, 954682_emissao_emissao_954682_2025-07-28.pdf, 939731_emissao_emissao_939731_2025-07-02.pdf",python scripts/build_fidc_industry_document_text.py --chunk-id doc-0001
doc-0002,2026-07-09T19:40:57+00:00,101,101,101,67,25,9,0,0,0,3835,3869,3859,9850742,2758623,0.8416,text_ready | structured_ready,pypdf_all_pages | text_cache_utf-8 | json_passthrough_utf-8,"844748_regulamento_regulamento_844748_2025-02-17_2025-02-17.pdf, 932409_regulamento_regulamento_932409_2025-06-18_2025-06-18.pdf, 28960803000107_932409_regulamento_regulamento_932409_2025-06-18_2025-06-18.txt, 1023848_assembleia_assembleia_1023848_2025-10-28.pdf",python scripts/build_fidc_industry_document_text.py --chunk-id doc-0002
doc-0003,2026-07-09T19:42:43+00:00,86,86,86,80,0,6,0,0,0,3620,3626,3625,8723037,2476804,0.8035,text_ready,pypdf_all_pages | text_cache_utf-8,"988500_assembleia_assembleia_988500_2025-09-11.pdf, 935244_assembleia_assembleia_935244_2025-06-11.pdf, 1179284_regulamento_regulamento_1179284_2026-05-04_2026-05-04.pdf, 39270085000163_1179284_regulamento_regulamento_1179284_2026-05-04_2026-05-04.txt",python scripts/build_fidc_industry_document_text.py --chunk-id doc-0003
doc-0004,2026-07-09T19:27:10+00:00,78,78,78,52,14,12,0,0,0,3015,3041,3036,8492681,2410424,0.8346,text_ready | structured_ready,pypdf_all_pages | text_cache_utf-8 | json_passthrough_utf-8,"851797_assembleia_assembleia_851797_2025-02-28.pdf, 851798_regulamento_regulamento_851798_2025-02-28.pdf, 985913_regulamento_regulamento_985913_2025-08-29_2025-08-29.pdf, 1040431_assembleia_assembleia_1040431_2025-10-02.pdf",python scripts/build_fidc_industry_document_text.py --chunk-id doc-0004
doc-0005,2026-07-09T19:39:47+00:00,96,96,96,65,21,10,0,0,0,3693,3724,3722,9719421,2751091,0.838,structured_ready | text_ready,json_passthrough_utf-8 | pypdf_all_pages | text_cache_utf-8,"467929.local.json, 467930.local.json, 468755.local.json, 468756.local.json",python scripts/build_fidc_industry_document_text.py --chunk-id doc-0005
doc-0006,2026-07-09T20:32:21+00:00,60,60,60,56,0,4,1,0,0,4495,4499,4496,9997034,2771249,0.8058,text_ready | ocr_ready,pypdf_all_pages | text_cache_utf-8 | macos_vision_ocr_all_pages,"995531_regulamento_regulamento_995531_2025-09-10_2025-09-10.pdf, 1182131_regulamento_regulamento_1182131_2026-05-07_2026-05-07.pdf, 1183189_regulamento_regulamento_1183189_2026-05-08_2026-05-08.pdf, 832606_regulamento_regulamento_832606_2025-02-06_2025-02-06.pdf",python scripts/build_fidc_industry_document_text.py --chunk-id doc-0006
doc-0007,2026-07-09T19:20:49+00:00,49,49,49,45,0,4,0,0,0,2621,2625,2624,6621518,1855846,0.8041,text_ready,pypdf_all_pages | text_cache_utf-8,"1071679_regulamento_regulamento_1071679_2025-12-24_2025-12-24.pdf, 54904072000192_1071679_regulamento_regulamento_1071679_2025-12-24_2025-12-24.txt, 1132451_regulamento_regulamento_1132451_2026-03-10_2026-03-10.pdf, 1140267_regulamento_regulamento_1140267_2026-03-06_2026-03-06.pdf",python scripts/build_fidc_industry_document_text.py --chunk-id doc-0007
doc-0008,2026-07-09T19:25:04+00:00,55,55,55,49,0,6,0,0,0,2487,2493,2491,5991553,1724650,0.8055,text_ready,pypdf_all_pages | text_cache_utf-8,"907717_regulamento_regulamento_907717_2025-05-09_2025-05-09.pdf, 55938045000101_907717_regulamento_regulamento_907717_2025-05-09_2025-05-09.txt, 1086224_regulamento_regulamento_1086224_2026-01-09_2026-01-09.pdf, 1158589_assembleia_assembleia_1158589_2026-04-06.pdf",python scripts/build_fidc_industry_document_text.py --chunk-id doc-0008
doc-0009,2026-07-09T19:23:47+00:00,59,59,59,48,0,11,0,0,0,2640,2651,2646,7054025,2013133,0.8093,text_ready,pypdf_all_pages | text_cache_utf-8,"1178981_regulamento_regulamento_1178981_2026-04-30_2026-04-30.pdf, 57506211000118_1178981_regulamento_regulamento_1178981_2026-04-30_2026-04-30.txt, 837176_regulamento_regulamento_837176_2025-02-07_2025-02-07.pdf, 885207_regulamento_regulamento_885207_2025-04-23_2025-04-23.pdf",python scripts/build_fidc_industry_document_text.py --chunk-id doc-0009
doc-0010,2026-07-09T19:18:51+00:00,70,70,70,40,0,30,0,0,0,2210,2240,2240,7652368,2196450,0.8214,text_ready,pypdf_all_pages | text_cache_utf-8,"1005769_regulamento_regulamento_1005769_2025-09-26_2025-09-26.pdf, 58486398000106_1005769_regulamento_regulamento_1005769_2025-09-26_2025-09-26.txt, 863055_regulamento_regulamento_863055_2025-03-19_2025-03-19.pdf, 58488141000185_863055_regulamento_regulamento_863055_2025-03-19_2025-03-19.txt",python scripts/build_fidc_industry_document_text.py --chunk-id doc-0010
doc-0011,2026-07-09T19:25:56+00:00,89,89,89,50,10,29,0,0,0,2467,2506,2501,8538230,2409280,0.8331,text_ready | structured_ready,pypdf_all_pages | text_cache_utf-8 | json_passthrough_utf-8,"863909_regulamento_regulamento_863909_2025-03-25_2025-03-25.pdf, 872150_regulamento_regulamento_872150_2025-03-31_2025-03-31.pdf, 1152702_regulamento_regulamento_1152702_2026-04-01_2026-04-01.pdf, 59679768000186_1152702_regulamento_regulamento_1152702_2026-04-01_2026-04-01.txt",python scripts/build_fidc_industry_document_text.py --chunk-id doc-0011
doc-0012,2026-07-09T20:32:23+00:00,65,65,65,40,0,25,1,0,0,2486,2510,2510,7360417,2081421,0.8208,text_ready | ocr_ready,pypdf_all_pages | text_cache_utf-8 | macos_vision_ocr_all_pages,"1029065_regulamento_regulamento_1029065_2025-10-01_2025-10-01.pdf, 952682_regulamento_regulamento_952682_2025-07-10_2025-07-10.pdf, 949782_regulamento_regulamento_949782_2025-07-10_2025-07-10.pdf, 997497_regulamento_regulamento_997497_2025-09-19_2025-09-19.pdf",python scripts/build_fidc_industry_document_text.py --chunk-id doc-0012
doc-0013,2026-07-09T19:44:20+00:00,164,164,164,85,56,23,0,0,0,4867,4946,4943,14523678,3941249,0.8582,text_ready | structured_ready,pypdf_all_pages | text_cache_utf-8 | json_passthrough_utf-8,"1089563_regulamento_regulamento_1089563_2026-01-21_2026-01-21.pdf, 1064366_regulamento_regulamento_1064366_2025-12-16_2025-12-16.pdf, 61896279000128_1064366_regulamento_regulamento_1064366_2025-12-16_2025-12-16.txt, 1213807_regulamento_regulamento_1213807_2026-02-12_2026-02-12.pdf",python scripts/build_fidc_industry_document_text.py --chunk-id doc-0013
doc-0014,2026-07-09T19:22:18+00:00,95,95,95,46,19,30,0,0,0,2646,2695,2694,9535545,2668956,0.8458,text_ready | structured_ready,pypdf_all_pages | text_cache_utf-8 | json_passthrough_utf-8,"1087977_regulamento_regulamento_1087977_2026-01-12_2026-01-12.pdf, 62758520000115_1087977_regulamento_regulamento_1087977_2026-01-12_2026-01-12.txt, 997060_regulamento_regulamento_997060_2025-09-23_2025-09-23.pdf, 62786631000135_997060_regulamento_regulamento_997060_2025-09-23_2025-09-23.txt",python scripts/build_fidc_industry_document_text.py --chunk-id doc-0014
doc-0015,2026-07-09T19:20:13+00:00,72,72,72,43,0,29,0,0,0,2161,2190,2186,7495017,2176007,0.8201,text_ready,pypdf_all_pages | text_cache_utf-8,"1179652_regulamento_regulamento_1179652_2026-04-27_2026-04-27.pdf, 63845478000132_1179652_regulamento_regulamento_1179652_2026-04-27_2026-04-27.txt, 1068666_regulamento_regulamento_1068666_2025-12-18_2025-12-18.pdf, 1057809_regulamento_regulamento_1057809_2025-12-10_2025-12-10.pdf",python scripts/build_fidc_industry_document_text.py --chunk-id doc-0015
doc-0016,2026-07-09T19:37:37+00:00,250,250,250,116,105,29,0,0,0,3524,3658,3655,11923985,3318340,0.8688,text_ready | structured_ready,pypdf_all_pages | text_cache_utf-8 | json_passthrough_utf-8,"1129298_regulamento_regulamento_1129298_2026-03-05_2026-03-05.pdf, 1138961_regulamento_regulamento_1138961_2026-03-12_2026-03-12.pdf, 65343842000191_1138961_regulamento_regulamento_1138961_2026-03-12_2026-03-12.txt, 1127556_regulamento_regulamento_1127556_2026-03-02_2026-03-02.pdf",python scripts/build_fidc_industry_document_text.py --chunk-id doc-0016
doc-0017,2026-07-09T19:15:09+00:00,250,250,250,60,183,7,0,0,0,1506,1696,1696,5644819,1577871,0.9112,structured_ready | text_ready,json_passthrough_utf-8 | pypdf_all_pages | text_cache_utf-8,"1176315.local.json, 1179056.local.json, 1179144.local.json, 1179147.local.json",python scripts/build_fidc_industry_document_text.py --chunk-id doc-0017
doc-0018,2026-07-09T19:35:47+00:00,250,250,250,76,147,27,0,0,0,4917,5091,5083,14152929,3926679,0.8936,structured_ready | text_ready,json_passthrough_utf-8 | pypdf_all_pages | text_cache_utf-8,"434919.local.json, 468340.local.json, 468341.local.json, 480997.local.json",python scripts/build_fidc_industry_document_text.py --chunk-id doc-0018
doc-0019,2026-07-09T19:32:07+00:00,250,250,250,65,165,20,0,0,0,4158,4343,4339,13389536,3748874,0.903,structured_ready | text_ready,json_passthrough_utf-8 | pypdf_all_pages | text_cache_utf-8,"1203913.local.json, 174730.local.json, 174749.local.json, 181768.local.json",python scripts/build_fidc_industry_document_text.py --chunk-id doc-0019
doc-0020,2026-07-09T19:34:13+00:00,250,250,250,70,156,24,0,0,0,2800,2980,2979,11821260,3094057,0.8984,text_ready | structured_ready,text_cache_utf-8 | pypdf_all_pages | json_passthrough_utf-8,"39680495000182_1106634_regulamento_regulamento_1106634_2026-02-03_2026-02-03.txt, 39703077000163_901613_regulamento_regulamento_901613_2025-05-05_2025-05-05.txt, 39722215000151_1186708_regulamento_regulamento_1186708_2026-05-04_2026-05-04.txt, 39769235000188_1023665_regulamento_regulamento_1023665_2025-10-29_2025-10-29.txt",python scripts/build_fidc_industry_document_text.py --chunk-id doc-0020
doc-0021,2026-07-09T19:12:57+00:00,220,220,220,46,137,37,0,0,0,2339,2513,2513,10262183,2866221,0.9018,structured_ready | text_ready,json_passthrough_utf-8 | pypdf_all_pages | text_cache_utf-8,"1141598.local.json, 1142353.local.json, 1154936.local.json, 1158616.local.json",python scripts/build_fidc_industry_document_text.py --chunk-id doc-0021
doc-0022,2026-07-09T19:14:00+00:00,192,192,192,49,106,37,0,0,0,2317,2460,2456,9650828,2719503,0.8924,text_ready | structured_ready,pypdf_all_pages | text_cache_utf-8 | json_passthrough_utf-8,"675392_regulamento_regulamento_675392_2024-05-03_2024-05-03.pdf, 49776300000156_917087_regulamento_regulamento_917087_2025-05-23_2025-05-23.txt, 669068_regulamento_regulamento_669068_2024-05-24_2024-05-24.pdf, 49793609000154_669068_regulamento_regulamento_669068_2024-05-24_2024-05-24.txt",python scripts/build_fidc_industry_document_text.py --chunk-id doc-0022
doc-0023,2026-07-09T20:32:25+00:00,201,201,201,57,108,36,1,0,0,2909,3053,3053,11903490,3282340,0.8903,text_ready | ocr_ready | structured_ready,pypdf_all_pages | text_cache_utf-8 | macos_vision_ocr_all_pages | json_passthrough_utf-8,"613176_regulamento_regulamento_613176_2024-02-29_2024-02-29.pdf, 53189745000107_613176_regulamento_regulamento_613176_2024-02-29_2024-02-29.txt, 617809_regulamento_regulamento_617809_2024-03-07_2024-03-07.pdf, 723476_regulamento_regulamento_723476_2024-08-09_2024-08-09.pdf",python scripts/build_fidc_industry_document_text.py --chunk-id doc-0023
doc-0024,2026-07-09T19:13:35+00:00,159,159,159,47,78,34,0,0,0,1983,2095,2091,7885591,2286023,0.8843,text_ready | structured_ready,pypdf_all_pages | text_cache_utf-8 | json_passthrough_utf-8,"632685_regulamento_regulamento_632685_2024-04-01_2024-04-01.pdf, 54543217000177_632685_regulamento_regulamento_632685_2024-04-01_2024-04-01.txt, 634435_assembleia_assembleia_634435_2024-04-01.pdf, 664160_emissao_emissao_664160_2024-04-23.pdf",python scripts/build_fidc_industry_document_text.py --chunk-id doc-0024
doc-0025,2026-07-09T19:12:10+00:00,85,85,85,23,27,35,0,0,0,1054,1116,1116,5402497,1572608,0.8682,text_ready | structured_ready,pypdf_all_pages | text_cache_utf-8 | json_passthrough_utf-8,"741609_regulamento_regulamento_741609_2024-09-18_2024-09-18.pdf, 55486394000121_741609_regulamento_regulamento_741609_2024-09-18_2024-09-18.txt, 688902_regulamento_regulamento_688902_2024-06-27_2024-06-27.pdf, 691674_assembleia_assembleia_691674_2024-07-03.pdf",python scripts/build_fidc_industry_document_text.py --chunk-id doc-0025
doc-0026,2026-07-09T19:12:23+00:00,115,115,115,26,52,37,0,0,0,1040,1129,1127,6746512,1923146,0.8839,text_ready | structured_ready,text_cache_utf-8 | pypdf_all_pages | json_passthrough_utf-8,"57182268000109_1111438_regulamento_regulamento_1111438_2026-02-04_2026-02-04.txt, 770058_regulamento_regulamento_770058_2024-10-30_2024-10-30.pdf, 57182898000183_770058_regulamento_regulamento_770058_2024-10-30_2024-10-30.txt, 57186320000103_940775_regulamento_regulamento_940775_2025-07-07_2025-07-07.txt",python scripts/build_fidc_industry_document_text.py --chunk-id doc-0026
doc-0027,2026-07-09T19:12:10+00:00,44,44,44,0,40,4,0,0,0,0,44,44,1166866,322501,0.9409,structured_ready | text_ready,json_passthrough_utf-8 | text_cache_utf-8,"1005989.local.json, 1005991.local.json, 1007124.local.json, 1018871.local.json",python scripts/build_fidc_industry_document_text.py --chunk-id doc-0027
doc-0028,2026-07-09T22:17:10+00:00,100,100,100,100,0,0,0,0,0,2943,2943,2941,7082904,2064763,0.8,text_ready,pypdf_all_pages,"883631_assembleia_assembleia_883631_2025-05-02.pdf, 908279_assembleia_assembleia_908279_2025-05-02.pdf, 974566_emissao_emissao_974566_2025-08-12.pdf, 954689_evento_evento_954689_2025-07-28.pdf",python scripts/build_fidc_industry_document_text.py --chunk-id doc-0028
doc-0029,2026-07-09T22:20:12+00:00,100,100,100,100,0,0,0,0,0,2326,2326,2326,5541250,1604467,0.8,text_ready,pypdf_all_pages,"243723_regulamento_regulamento_243723_2021-12-07_2021-12-07.pdf, 243292_regulamento_regulamento_243292_2021-12-01_2021-12-01.pdf, 1136756_emissao_emissao_1136756_2026-03-13_2026-03-13.pdf, 804585_regulamento_regulamento_804585_2024-12-17_2024-12-17.pdf",python scripts/build_fidc_industry_document_text.py --chunk-id doc-0029
doc-0030,2026-07-09T22:20:58+00:00,100,100,100,100,0,0,1,0,0,2611,2611,2611,5691061,1687865,0.8015,text_ready | ocr_ready,pypdf_all_pages | macos_vision_ocr_all_pages,"893584_emissao_emissao_893584_2025-05-02_2025-05-02.pdf, 837861_regulamento_regulamento_837861_2025-02-11_2025-02-11.pdf, 1214382_emissao_emissao_1214382_2026-06-08_2026-06-08.pdf, 1111728_emissao_emissao_1111728_2026-02-12_2026-02-12.pdf",python scripts/build_fidc_industry_document_text.py --chunk-id doc-0030
doc-0031,2026-07-09T22:21:41+00:00,100,100,100,100,0,0,1,0,0,3324,3324,3323,7789114,2273022,0.8015,text_ready | ocr_ready,pypdf_all_pages | macos_vision_ocr_all_pages,"684390_regulamento_regulamento_684390_2024-06-21_2024-06-21.pdf, 684391_regulamento_regulamento_684391_2024-06-21_2024-06-21.pdf, 501809_regulamento_regulamento_501809_2023-08-07_2023-08-07.pdf, 462977_regulamento_regulamento_462977_2023-05-12_2023-05-12.pdf",python scripts/build_fidc_industry_document_text.py --chunk-id doc-0031
doc-0032,2026-07-09T22:22:30+00:00,100,100,100,100,0,0,2,0,0,2654,2654,2651,6168098,1802441,0.803,text_ready | ocr_ready,pypdf_all_pages | macos_vision_ocr_all_pages,"1185713_emissao_emissao_1185713_2026-05-11_2026-05-11.pdf, 1035378_emissao_emissao_1035378_2025-11-12_2025-11-12.pdf, 1016886_emissao_emissao_1016886_2025-10-17_2025-10-17.pdf, 1016887_evento_evento_1016887_2025-10-17_2025-10-17.pdf",python scripts/build_fidc_industry_document_text.py --chunk-id doc-0032
doc-0033,2026-07-09T22:23:23+00:00,100,100,100,100,0,0,2,0,0,3923,3923,3922,8453984,2411948,0.8028,text_ready | ocr_ready,pypdf_all_pages | macos_vision_ocr_all_pages,"1126879_assembleia_assembleia_1126879_2026-03-03_2026-03-03.pdf, 1067443_assembleia_assembleia_1067443_2025-12-18_2025-12-18.pdf, 1044421_assembleia_assembleia_1044421_2025-11-10_2025-11-10.pdf, 909594_assembleia_assembleia_909594_2025-05-16_2025-05-16.pdf",python scripts/build_fidc_industry_document_text.py --chunk-id doc-0033
doc-0034,2026-07-09T22:24:50+00:00,100,100,100,100,0,0,3,0,0,1966,1966,1965,4344393,1351253,0.8043,text_ready | ocr_ready,pypdf_all_pages | macos_vision_ocr_all_pages,"411453_regulamento_regulamento_411453_2023-02-06_2023-02-06.pdf, 411457_regulamento_regulamento_411457_2023-02-06_2023-02-06.pdf, 341381_regulamento_regulamento_341381_2022-08-01_2022-08-01.pdf, 878958_assembleia_assembleia_878958_2025-04-23_2025-04-23.pdf",python scripts/build_fidc_industry_document_text.py --chunk-id doc-0034
doc-0035,2026-07-09T22:41:41+00:00,100,100,100,100,0,0,2,0,0,3753,3753,3753,8403739,2207976,0.8015,text_ready | ocr_ready,pypdf_all_pages | macos_vision_ocr_all_pages | pypdf_plus_macos_vision_ocr_105_pages,"909452_assembleia_assembleia_909452_2025-05-19.pdf, 883969_assembleia_assembleia_883969_2025-04-22.pdf, 865079_assembleia_assembleia_865079_2025-03-26.pdf, 825889_assembleia_assembleia_825889_2025-01-20.pdf",python scripts/build_fidc_industry_document_text.py --chunk-id doc-0035
doc-0036,2026-07-09T22:35:25+00:00,100,100,100,100,0,0,2,0,0,2548,2548,2546,5841638,1677041,0.803,text_ready | ocr_ready,pypdf_all_pages | macos_vision_ocr_all_pages,"1003922_emissao_emissao_1003922_2025-10-01_2025-10-01.pdf, 999663_emissao_emissao_999663_2025-09-23_2025-09-23.pdf, 862387_regulamento_regulamento_862387_2025-03-12_2025-03-12.pdf, 1188985_assembleia_assembleia_1188985_2026-05-12.pdf",python scripts/build_fidc_industry_document_text.py --chunk-id doc-0036
doc-0037,2026-07-09T22:36:40+00:00,100,100,100,100,0,0,1,0,0,2002,2002,2002,4645604,1414127,0.8015,text_ready | ocr_ready,pypdf_all_pages | macos_vision_ocr_all_pages,"1078781_emissao_emissao_1078781_2026-01-12_2026-01-12.pdf, 1078782_emissao_emissao_1078782_2026-01-12_2026-01-12.pdf, 1056150_emissao_emissao_1056150_2025-12-08_2025-12-08.pdf, 946504_emissao_emissao_946504_2025-07-15_2025-07-15.pdf",python scripts/build_fidc_industry_document_text.py --chunk-id doc-0037
doc-0038,2026-07-09T22:37:36+00:00,100,100,100,100,0,0,2,0,0,3172,3172,3170,7796323,2270178,0.803,text_ready | ocr_ready,pypdf_all_pages | macos_vision_ocr_all_pages,"974166_assembleia_assembleia_974166_2025-07-22_2025-07-22.pdf, 824349_assembleia_assembleia_824349_2025-01-03_2025-01-03.pdf, 824350_evento_evento_824350_2025-01-13_2025-01-13.pdf, 812852_regulamento_regulamento_812852_2025-01-03_2025-01-03.pdf",python scripts/build_fidc_industry_document_text.py --chunk-id doc-0038
doc-0039,2026-07-09T22:43:26+00:00,100,100,100,100,0,0,0,0,0,3063,3063,3063,7085875,2084452,0.8,text_ready,pypdf_all_pages,"883397_emissao_emissao_883397_2025-04-22_2025-04-22.pdf, 1089709_assembleia_assembleia_1089709_2026-01-20_2026-01-20.pdf, 824471_assembleia_assembleia_824471_2025-01-22_2025-01-22.pdf, 1075935_evento_evento_1075935_2026-01-05_2026-01-05.pdf",python scripts/build_fidc_industry_document_text.py --chunk-id doc-0039
doc-0040,2026-07-09T22:44:19+00:00,100,100,100,100,0,0,0,0,0,4502,4502,4501,11240755,3157646,0.8,text_ready,pypdf_all_pages,"940800_regulamento_regulamento_940800_2025-07-02_2025-07-02.pdf, 872429_regulamento_regulamento_872429_2025-04-02_2025-04-02.pdf, 1095919_emissao_emissao_1095919_2026-01-29_2026-01-29.pdf, 967535_emissao_emissao_967535_2025-08-13_2025-08-13.pdf",python scripts/build_fidc_industry_document_text.py --chunk-id doc-0040
doc-0041,2026-07-09T22:45:38+00:00,100,100,100,100,0,0,1,0,0,3646,3646,3645,7614123,2203682,0.8015,text_ready | ocr_ready,pypdf_all_pages | macos_vision_ocr_all_pages,"1185753_evento_evento_1185753_2026-05-11_2026-05-11.pdf, 910441_evento_evento_910441_2025-05-07_2025-05-07.pdf, 917083_regulamento_regulamento_917083_2025-05-07_2025-05-07.pdf, 1004753_regulamento_regulamento_1004753_2025-10-01_2025-10-01.pdf",python scripts/build_fidc_industry_document_text.py --chunk-id doc-0041
doc-0042,2026-07-09T22:46:35+00:00,100,100,100,100,0,0,0,0,0,2798,2798,2798,6045276,1832027,0.8,text_ready,pypdf_all_pages,"1097280_emissao_emissao_1097280_2025-12-15_2025-12-15.pdf, 1062615_emissao_emissao_1062615_2025-12-12_2025-12-12.pdf, 1062620_emissao_emissao_1062620_2025-12-12_2025-12-12.pdf, 622462_emissao_emissao_622462_2024-03-18_2024-03-18.pdf",python scripts/build_fidc_industry_document_text.py --chunk-id doc-0042
doc-0043,2026-07-09T23:28:12+00:00,92,92,92,92,0,0,0,0,0,1074,1074,1074,2372523,757867,0.8,text_ready,pypdf_all_pages,"912180_assembleia_assembleia_912180_2025-05-20_2025-05-20.pdf, 873312_emissao_emissao_873312_2025-04-03_2025-04-03.pdf, 912183_evento_evento_912183_2025-05-27_2025-05-27.pdf, 1029419_assembleia_assembleia_1029419_2025-10-30_2025-10-30.pdf",python scripts/build_fidc_industry_document_text.py --chunk-id doc-0043
doc-0044,2026-07-09T22:47:51+00:00,100,100,100,100,0,0,4,0,0,1585,1585,1581,3661111,1072887,0.8058,text_ready | ocr_ready,pypdf_all_pages | macos_vision_ocr_all_pages,"1185226_assembleia_assembleia_1185226_2026-05-06_2026-05-06.pdf, 1129307_assembleia_assembleia_1129307_2026-03-02_2026-03-02.pdf, 1184901_assembleia_assembleia_1184901_2026-03-02_2026-03-02.pdf, 1019413_assembleia_assembleia_1019413_2025-11-10_2025-11-10.pdf",python scripts/build_fidc_industry_document_text.py --chunk-id doc-0044
doc-0045,2026-07-09T22:48:40+00:00,100,100,100,100,0,0,1,0,0,2136,2136,2136,4917911,1440006,0.8015,text_ready | ocr_ready,pypdf_all_pages | macos_vision_ocr_all_pages,"1104853_regulamento_regulamento_1104853_2026-02-02_2026-02-02.pdf, 1043778_regulamento_regulamento_1043778_2025-11-17_2025-11-17.pdf, 1027537_regulamento_regulamento_1027537_2025-10-30_2025-10-30.pdf, 962528_regulamento_regulamento_962528_2025-07-25_2025-07-25.pdf",python scripts/build_fidc_industry_document_text.py --chunk-id doc-0045
doc-0046,2026-07-09T22:49:33+00:00,100,100,100,100,0,0,0,0,0,3712,3712,3710,7463332,2165510,0.8,text_ready,pypdf_all_pages,"1146999_emissao_emissao_1146999_2026-03-27_2026-03-27.pdf, 974179_emissao_emissao_974179_2025-08-15_2025-08-15.pdf, 1065925_regulamento_regulamento_1065925_2025-12-17_2025-12-17.pdf, 1065924_regulamento_regulamento_1065924_2025-11-17_2025-11-17.pdf",python scripts/build_fidc_industry_document_text.py --chunk-id doc-0046
doc-0047,2026-07-09T22:50:47+00:00,100,100,100,100,0,0,2,0,0,2196,2196,2193,4260566,1250686,0.803,text_ready | ocr_ready,pypdf_all_pages | macos_vision_ocr_all_pages,"836444_regulamento_regulamento_836444_2025-02-07_2025-02-07.pdf, 836447_regulamento_regulamento_836447_2025-02-07.pdf, 836447_regulamento_regulamento_836447_2025-02-07_2025-02-07.pdf, 845891_regulamento_regulamento_845891_2025-01-13_2025-01-13.pdf",python scripts/build_fidc_industry_document_text.py --chunk-id doc-0047
doc-0048,2026-07-09T22:51:24+00:00,100,100,100,100,0,0,0,0,0,1185,1185,1183,2455989,772045,0.8,text_ready,pypdf_all_pages,"862717_emissao_emissao_862717_2025-03-20_2025-03-20.pdf, 1212392_assembleia_assembleia_1212392_2026-06-01_2026-06-01.pdf, 1168432_assembleia_assembleia_1168432_2026-04-20_2026-04-20.pdf, 1167024_assembleia_assembleia_1167024_2026-04-16_2026-04-16.pdf",python scripts/build_fidc_industry_document_text.py --chunk-id doc-0048
doc-0049,2026-07-09T22:51:48+00:00,100,100,100,100,0,0,1,0,0,2549,2549,2542,5889919,1714259,0.8015,text_ready | ocr_ready,pypdf_all_pages | macos_vision_ocr_all_pages,"903727_emissao_emissao_903727_2025-05-15_2025-05-15.pdf, 900309_emissao_emissao_900309_2025-05-13_2025-05-13.pdf, 900264_emissao_emissao_900264_2025-04-24_2025-04-24.pdf, 918678_emissao_emissao_918678_2025-03-31_2025-03-31.pdf",python scripts/build_fidc_industry_document_text.py --chunk-id doc-0049
doc-0050,2026-07-09T22:53:40+00:00,100,100,100,100,0,0,1,0,0,2233,2233,2228,4914718,1474832,0.8015,text_ready | ocr_ready,pypdf_all_pages | macos_vision_ocr_all_pages,"879194_assembleia_assembleia_879194_2025-04-14_2025-04-14.pdf, 857796_assembleia_assembleia_857796_2025-03-13_2025-03-13.pdf, 1146199_regulamento_regulamento_1146199_2026-03-03_2026-03-03.pdf, 1094739_regulamento_regulamento_1094739_2025-12-03_2025-12-03.pdf",python scripts/build_fidc_industry_document_text.py --chunk-id doc-0050
doc-0051,2026-07-09T22:54:35+00:00,100,100,100,100,0,0,1,0,0,3121,3121,3119,7435510,2117557,0.8015,text_ready | ocr_ready,pypdf_all_pages | macos_vision_ocr_all_pages,"1007627_emissao_emissao_1007627_2025-10-06_2025-10-06.pdf, 1001982_emissao_emissao_1001982_2025-09-29_2025-09-29.pdf, 981090_emissao_emissao_981090_2025-08-29_2025-08-29.pdf, 977509_emissao_emissao_977509_2025-08-25_2025-08-25.pdf",python scripts/build_fidc_industry_document_text.py --chunk-id doc-0051
doc-0052,2026-07-09T22:55:35+00:00,100,100,100,100,0,0,1,0,0,2419,2419,2414,5869249,1593123,0.8015,text_ready | ocr_ready,pypdf_all_pages | macos_vision_ocr_all_pages,"1058126_assembleia_assembleia_1058126_2025-12-08_2025-12-08.pdf, 1058127_assembleia_assembleia_1058127_2025-12-08_2025-12-08.pdf, 907716_assembleia_assembleia_907716_2025-05-09_2025-05-09.pdf, 1075771_emissao_emissao_1075771_2026-01-02_2026-01-02.pdf",python scripts/build_fidc_industry_document_text.py --chunk-id doc-0052
doc-0053,2026-07-09T22:56:23+00:00,100,100,100,100,0,0,2,0,0,1626,1626,1626,3722712,1113304,0.803,text_ready | ocr_ready,pypdf_all_pages | macos_vision_ocr_all_pages,"945357_assembleia_assembleia_945357_2025-07-28_2025-07-28.pdf, 956392_assembleia_assembleia_956392_2025-07-28_2025-07-28.pdf, 956393_assembleia_assembleia_956393_2025-07-28_2025-07-28.pdf, 884760_emissao_emissao_884760_2025-04-21_2025-04-21.pdf",python scripts/build_fidc_industry_document_text.py --chunk-id doc-0053
doc-0054,2026-07-09T22:57:05+00:00,100,100,100,100,0,0,0,0,0,2829,2829,2827,6173347,1710927,0.8,text_ready,pypdf_all_pages,"1158606_emissao_emissao_1158606_2026-04-02_2026-04-02.pdf, 1158753_emissao_emissao_1158753_2026-03-26_2026-03-26.pdf, 730967_emissao_emissao_730967_2024-08-27_2024-08-27.pdf, 1056859_regulamento_regulamento_1056859_2025-12-09_2025-12-09.pdf",python scripts/build_fidc_industry_document_text.py --chunk-id doc-0054
doc-0055,2026-07-09T22:57:44+00:00,100,100,100,100,0,0,1,0,0,1905,1905,1904,4389463,1300618,0.8015,text_ready | ocr_ready,pypdf_all_pages | macos_vision_ocr_all_pages,"1046018_emissao_emissao_1046018_2025-11-24_2025-11-24.pdf, 1037179_emissao_emissao_1037179_2025-11-13_2025-11-13.pdf, 1045706_emissao_emissao_1045706_2025-11-13_2025-11-13.pdf, 834132_regulamento_regulamento_834132_2025-02-07_2025-02-07.pdf",python scripts/build_fidc_industry_document_text.py --chunk-id doc-0055
doc-0056,2026-07-09T22:58:33+00:00,100,100,100,100,0,0,1,0,0,1858,1858,1853,4262524,1282458,0.8015,text_ready | ocr_ready,pypdf_all_pages | macos_vision_ocr_all_pages,"818201_regulamento_regulamento_818201_2025-01-02_2025-01-02.pdf, 912149_emissao_emissao_912149_2025-05-28_2025-05-28.pdf, 1179452_assembleia_assembleia_1179452_2026-05-15.pdf, 1198765_assembleia_assembleia_1198765_2026-05-11.pdf",python scripts/build_fidc_industry_document_text.py --chunk-id doc-0056
doc-0057,2026-07-09T22:59:21+00:00,100,100,100,100,0,0,0,0,0,3798,3798,3792,9076728,2606030,0.8,text_ready,pypdf_all_pages,"941684_assembleia_assembleia_941684_2025-07-04_2025-07-04.pdf, 931738_assembleia_assembleia_931738_2025-06-23_2025-06-23.pdf, 912007_assembleia_assembleia_912007_2025-05-21_2025-05-21.pdf, 872869_assembleia_assembleia_872869_2025-04-01_2025-04-01.pdf",python scripts/build_fidc_industry_document_text.py --chunk-id doc-0057
doc-0058,2026-07-09T23:00:56+00:00,100,100,100,100,0,0,1,0,0,3680,3680,3680,8384575,2487166,0.8015,text_ready | ocr_ready,pypdf_all_pages | macos_vision_ocr_all_pages,"865358_regulamento_regulamento_865358_2025-03-25_2025-03-25.pdf, 926362_emissao_emissao_926362_2025-06-04_2025-06-04.pdf, 926363_evento_evento_926363_2025-06-10_2025-06-10.pdf, 1090126_assembleia_assembleia_1090126_2026-01-15.pdf",python scripts/build_fidc_industry_document_text.py --chunk-id doc-0058
doc-0059,2026-07-09T23:02:10+00:00,100,100,100,100,0,0,0,0,0,2411,2411,2409,5500076,1616123,0.8,text_ready,pypdf_all_pages,"872789_emissao_emissao_872789_2025-04-04_2025-04-04.pdf, 862535_assembleia_assembleia_862535_2025-03-18_2025-03-18.pdf, 859719_emissao_emissao_859719_2025-03-17_2025-03-17.pdf, 860402_emissao_emissao_860402_2025-01-16_2025-01-16.pdf",python scripts/build_fidc_industry_document_text.py --chunk-id doc-0059
doc-0060,2026-07-09T23:02:48+00:00,100,100,100,100,0,0,0,0,0,3856,3856,3844,9156316,2528792,0.8,text_ready,pypdf_all_pages,"942996_evento_evento_942996_2025-07-02_2025-07-02.pdf, 1057981_regulamento_regulamento_1057981_2025-12-05_2025-12-05.pdf, 917693_regulamento_regulamento_917693_2025-05-19_2025-05-19.pdf, 917694_regulamento_regulamento_917694_2025-05-19_2025-05-19.pdf",python scripts/build_fidc_industry_document_text.py --chunk-id doc-0060
doc-0061,2026-07-09T23:03:54+00:00,100,100,100,100,0,0,3,0,0,2283,2283,2279,5351258,1608005,0.8044,text_ready | ocr_ready,pypdf_all_pages | macos_vision_ocr_all_pages,"987437_regulamento_regulamento_987437_2025-09-08_2025-09-08.pdf, 836368_regulamento_regulamento_836368_2025-02-10_2025-02-10.pdf, 836372_regulamento_regulamento_836372_2025-02-10_2025-02-10.pdf, 833368_regulamento_regulamento_833368_2025-01-23_2025-01-23.pdf",python scripts/build_fidc_industry_document_text.py --chunk-id doc-0061
doc-0062,2026-07-09T23:04:33+00:00,100,100,100,100,0,0,0,0,0,3578,3578,3577,8341606,2475562,0.8,text_ready,pypdf_all_pages,"836441_emissao_emissao_836441_2025-02-07_2025-02-07.pdf, 917706_regulamento_regulamento_917706_2025-06-03_2025-06-03.pdf, 888442_regulamento_regulamento_888442_2025-04-30_2025-04-30.pdf, 888533_regulamento_regulamento_888533_2025-04-30_2025-04-30.pdf",python scripts/build_fidc_industry_document_text.py --chunk-id doc-0062
doc-0063,2026-07-09T23:05:42+00:00,100,100,100,100,0,0,2,0,0,3601,3601,3599,8242499,2314552,0.803,text_ready | ocr_ready,pypdf_all_pages | macos_vision_ocr_all_pages,"861456_emissao_emissao_861456_2025-03-18_2025-03-18.pdf, 846037_emissao_emissao_846037_2025-02-20_2025-02-20.pdf, 863910_regulamento_regulamento_863910_2025-03-25_2025-03-25.pdf, 862361_regulamento_regulamento_862361_2025-03-20_2025-03-20.pdf",python scripts/build_fidc_industry_document_text.py --chunk-id doc-0063
doc-0064,2026-07-09T23:06:49+00:00,100,100,100,100,0,0,1,0,0,2918,2918,2913,7086863,2084013,0.8,text_ready | ocr_ready,pypdf_all_pages | pypdf_plus_macos_vision_ocr_2_pages,"1179911_emissao_emissao_1179911_2026-05-05_2026-05-05.pdf, 1190409_emissao_emissao_1190409_2026-05-05_2026-05-05.pdf, 1179377_emissao_emissao_1179377_2026-05-04_2026-05-04.pdf, 1212956_emissao_emissao_1212956_2026-03-20_2026-03-20.pdf",python scripts/build_fidc_industry_document_text.py --chunk-id doc-0064
doc-0065,2026-07-09T23:07:35+00:00,100,100,100,100,0,0,0,0,0,3431,3431,3431,8318261,2403449,0.8,text_ready,pypdf_all_pages,"952593_assembleia_assembleia_952593_2025-07-22_2025-07-22.pdf, 997658_emissao_emissao_997658_2025-09-24_2025-09-24.pdf, 997662_emissao_emissao_997662_2025-09-24_2025-09-24.pdf, 1044708_regulamento_regulamento_1044708_2025-11-18_2025-11-18.pdf",python scripts/build_fidc_industry_document_text.py --chunk-id doc-0065
doc-0066,2026-07-09T23:09:31+00:00,100,100,100,100,0,0,2,0,0,2687,2687,2686,6581241,1921567,0.803,text_ready | ocr_ready,pypdf_all_pages | macos_vision_ocr_all_pages,"967561_emissao_emissao_967561_2025-08-12_2025-08-12.pdf, 967563_emissao_emissao_967563_2025-08-12_2025-08-12.pdf, 1027708_emissao_emissao_1027708_2025-07-29_2025-07-29.pdf, 956043_emissao_emissao_956043_2025-07-29_2025-07-29.pdf",python scripts/build_fidc_industry_document_text.py --chunk-id doc-0066
doc-0067,2026-07-09T23:10:56+00:00,100,100,100,100,0,0,3,0,0,3109,3109,3108,7573050,2200118,0.8015,text_ready | ocr_ready,pypdf_all_pages | pypdf_plus_macos_vision_ocr_2_pages | macos_vision_ocr_all_pages,"978046_regulamento_regulamento_978046_2025-08-26_2025-08-26.pdf, 948943_regulamento_regulamento_948943_2025-07-17_2025-07-17.pdf, 948944_regulamento_regulamento_948944_2025-07-17_2025-07-17.pdf, 919474_emissao_emissao_919474_2025-06-09_2025-06-09.pdf",python scripts/build_fidc_industry_document_text.py --chunk-id doc-0067
doc-0068,2026-07-09T23:12:08+00:00,100,100,100,100,0,0,0,0,0,4250,4250,4209,9883159,2803336,0.8,text_ready,pypdf_all_pages,"997523_assembleia_assembleia_997523_2025-09-23_2025-09-23.pdf, 1200184_emissao_emissao_1200184_2025-12-10_2025-12-10.pdf, 924697_emissao_emissao_924697_2025-06-13_2025-06-13.pdf, 921250_emissao_emissao_921250_2025-06-10_2025-06-10.pdf",python scripts/build_fidc_industry_document_text.py --chunk-id doc-0068
doc-0069,2026-07-09T23:13:10+00:00,100,100,100,100,0,0,2,0,0,2692,2692,2691,6121926,1824859,0.803,text_ready | ocr_ready,pypdf_all_pages | macos_vision_ocr_all_pages,"1099490_emissao_emissao_1099490_2026-02-02_2026-02-02.pdf, 1099492_emissao_emissao_1099492_2026-02-02_2026-02-02.pdf, 1100053_emissao_emissao_1100053_2026-01-30_2026-01-30.pdf, 1086737_emissao_emissao_1086737_2026-01-11_2026-01-11.pdf",python scripts/build_fidc_industry_document_text.py --chunk-id doc-0069
doc-0070,2026-07-09T23:14:09+00:00,100,100,100,100,0,0,1,0,0,2900,2900,2898,7209587,2129667,0.8015,text_ready | ocr_ready,pypdf_all_pages | macos_vision_ocr_all_pages,"1124823_emissao_emissao_1124823_2026-02-27_2026-02-27.pdf, 1118116_emissao_emissao_1118116_2026-02-19_2026-02-19.pdf, 1091386_emissao_emissao_1091386_2026-01-23_2026-01-23.pdf, 1093559_emissao_emissao_1093559_2026-01-20_2026-01-20.pdf",python scripts/build_fidc_industry_document_text.py --chunk-id doc-0070
doc-0071,2026-07-09T23:15:08+00:00,100,100,100,100,0,0,2,0,0,4969,4969,4961,11756549,3313651,0.803,text_ready | ocr_ready,pypdf_all_pages | macos_vision_ocr_all_pages,"1057770_regulamento_regulamento_1057770_2025-12-09_2025-12-09.pdf, 1055248_regulamento_regulamento_1055248_2025-12-05_2025-12-05.pdf, 1055252_regulamento_regulamento_1055252_2025-12-05_2025-12-05.pdf, 983218_regulamento_regulamento_983218_2025-08-04_2025-08-04.pdf",python scripts/build_fidc_industry_document_text.py --chunk-id doc-0071
doc-0072,2026-07-09T23:16:46+00:00,100,100,100,100,0,0,0,0,0,3007,3007,3005,6905297,1975795,0.8,text_ready,pypdf_all_pages,"997977_regulamento_regulamento_997977_2025-08-22_2025-08-22.pdf, 1119479_emissao_emissao_1119479_2026-02-20_2026-02-20.pdf, 979883_emissao_emissao_979883_2025-08-28_2025-08-28.pdf, 978716_emissao_emissao_978716_2025-08-25_2025-08-25.pdf",python scripts/build_fidc_industry_document_text.py --chunk-id doc-0072
doc-0073,2026-07-09T23:18:08+00:00,100,100,100,100,0,0,0,0,0,4175,4175,4124,10391494,2920993,0.8,text_ready,pypdf_all_pages,"1130463_emissao_emissao_1130463_2026-03-05_2026-03-05.pdf, 1130470_emissao_emissao_1130470_2026-03-05_2026-03-05.pdf, 1041223_emissao_emissao_1041223_2025-11-10_2025-11-10.pdf, 1041224_emissao_emissao_1041224_2025-11-10_2025-11-10.pdf",python scripts/build_fidc_industry_document_text.py --chunk-id doc-0073
doc-0074,2026-07-09T23:19:18+00:00,100,100,100,100,0,0,3,0,0,3196,3196,3193,7354759,2069265,0.8045,text_ready | ocr_ready,pypdf_all_pages | macos_vision_ocr_all_pages,"1005808_regulamento_regulamento_1005808_2025-10-03_2025-10-03.pdf, 1005830_regulamento_regulamento_1005830_2025-10-03_2025-10-03.pdf, 998452_regulamento_regulamento_998452_2025-09-25_2025-09-25.pdf, 998589_regulamento_regulamento_998589_2025-09-25_2025-09-25.pdf",python scripts/build_fidc_industry_document_text.py --chunk-id doc-0074
doc-0075,2026-07-09T23:20:53+00:00,100,100,100,100,0,0,1,0,0,2928,2928,2924,7230178,2068517,0.8015,text_ready | ocr_ready,pypdf_all_pages | macos_vision_ocr_all_pages,"1054846_emissao_emissao_1054846_2025-12-04_2025-12-04.pdf, 1033561_emissao_emissao_1033561_2025-10-31_2025-10-31.pdf, 1021582_emissao_emissao_1021582_2025-10-22_2025-10-22.pdf, 1065606_evento_evento_1065606_2025-12-17_2025-12-17.pdf",python scripts/build_fidc_industry_document_text.py --chunk-id doc-0075
doc-0076,2026-07-09T23:22:09+00:00,100,100,100,100,0,0,0,0,0,4149,4149,4146,9928009,2823430,0.8,text_ready,pypdf_all_pages,"1059052_regulamento_regulamento_1059052_2025-11-07_2025-11-07.pdf, 1120491_assembleia_assembleia_1120491_2026-02-13_2026-02-13.pdf, 1211287_emissao_emissao_1211287_2026-06-02_2026-06-02.pdf, 1211290_emissao_emissao_1211290_2026-06-01_2026-06-01.pdf",python scripts/build_fidc_industry_document_text.py --chunk-id doc-0076
doc-0077,2026-07-09T23:23:28+00:00,100,100,100,100,0,0,0,0,0,3364,3364,3360,8232972,2373022,0.8,text_ready,pypdf_all_pages,"1151680_assembleia_assembleia_1151680_2026-03-04_2026-03-04.pdf, 1166483_emissao_emissao_1166483_2026-04-20_2026-04-20.pdf, 1168551_emissao_emissao_1168551_2026-04-14_2026-04-14.pdf, 1064930_emissao_emissao_1064930_2025-12-17_2025-12-17.pdf",python scripts/build_fidc_industry_document_text.py --chunk-id doc-0077
doc-0078,2026-07-09T23:27:22+00:00,94,94,94,94,0,0,0,0,0,2573,2573,2573,5871670,1724660,0.8,text_ready,pypdf_all_pages,"1082991_emissao_emissao_1082991_2026-01-14_2026-01-14.pdf, 1087838_emissao_emissao_1087838_2026-01-14_2026-01-14.pdf, 1087839_emissao_emissao_1087839_2026-01-14_2026-01-14.pdf, 1087864_emissao_emissao_1087864_2026-01-06_2026-01-06.pdf",python scripts/build_fidc_industry_document_text.py --chunk-id doc-0078
doc-0079,2026-07-09T23:24:45+00:00,100,100,100,100,0,0,2,0,0,3470,3470,3462,8542109,2438446,0.803,text_ready | ocr_ready,pypdf_all_pages | macos_vision_ocr_all_pages,"1165787_emissao_emissao_1165787_2026-04-16_2026-04-16.pdf, 1158042_emissao_emissao_1158042_2026-04-09_2026-04-09.pdf, 1158343_emissao_emissao_1158343_2026-04-09_2026-04-09.pdf, 1158614_emissao_emissao_1158614_2026-04-05_2026-04-05.pdf",python scripts/build_fidc_industry_document_text.py --chunk-id doc-0079
doc-0080,2026-07-09T23:28:38+00:00,100,100,100,100,0,0,6,0,0,1938,1938,1936,4829642,1465384,0.8075,text_ready | ocr_ready,pypdf_all_pages | pypdf_plus_macos_vision_ocr_5_pages | macos_vision_ocr_all_pages,"1170697_regulamento_regulamento_1170697_2026-04-17_2026-04-17.pdf, 1181339_emissao_emissao_1181339_2026-05-06_2026-05-06.pdf, 1181334_emissao_emissao_1181334_2026-04-24_2026-04-24.pdf, 1199560_emissao_emissao_1199560_2026-05-19_2026-05-19.pdf",python scripts/build_fidc_industry_document_text.py --chunk-id doc-0080
doc-0081,2026-07-10T00:17:38+00:00,100,100,100,100,0,0,7,0,0,4293,4293,4290,9670104,2742993,0.8105,text_ready | ocr_ready,pypdf_all_pages | macos_vision_ocr_all_pages,"635260_regulamento_regulamento_635260_2024-04-04_2024-04-04.pdf, 577061_regulamento_regulamento_577061_2023-12-27_2023-12-27.pdf, 516134_regulamento_regulamento_516134_2023-07-28_2023-07-28.pdf, 356172_regulamento_regulamento_356172_2022-09-20_2022-09-20.pdf",python scripts/build_fidc_industry_document_text.py --chunk-id doc-0081
doc-0082,2026-07-10T00:19:28+00:00,100,100,100,100,0,0,6,0,0,4166,4166,4155,9164661,2597546,0.809,text_ready | ocr_ready,pypdf_all_pages | macos_vision_ocr_all_pages,"694907_assembleia_assembleia_694907_2024-06-26_2024-06-26.pdf, 622360_assembleia_assembleia_622360_2024-03-14_2024-03-14.pdf, 633496_emissao_emissao_633496_2024-04-03_2024-04-03.pdf, 789616_regulamento_regulamento_789616_2024-11-28_2024-11-28.pdf",python scripts/build_fidc_industry_document_text.py --chunk-id doc-0082
doc-0083,2026-07-10T00:21:08+00:00,100,100,100,100,0,0,2,0,0,4247,4247,4239,9935476,2772432,0.803,text_ready | ocr_ready,pypdf_all_pages | macos_vision_ocr_all_pages,"381563_regulamento_regulamento_381563_2022-11-21.pdf, 809215_regulamento_regulamento_809215_2024-12-20_2024-12-20.pdf, 803858_regulamento_regulamento_803858_2024-12-12_2024-12-12.pdf, 803879_regulamento_regulamento_803879_2024-12-11_2024-12-11.pdf",python scripts/build_fidc_industry_document_text.py --chunk-id doc-0083
doc-0084,2026-07-10T00:22:27+00:00,100,100,100,100,0,0,1,0,0,4824,4824,4822,11917438,3355714,0.8015,text_ready | ocr_ready,pypdf_all_pages | macos_vision_ocr_all_pages,"184497_regulamento_regulamento_184497_2021-06-10_2021-06-10.pdf, 160959_regulamento_regulamento_160959_2021-04-05_2021-04-05.pdf, 160962_regulamento_regulamento_160962_2021-04-05_2021-04-05.pdf, 150454_regulamento_regulamento_150454_2021-02-17_2021-02-17.pdf",python scripts/build_fidc_industry_document_text.py --chunk-id doc-0084
doc-0085,2026-07-10T00:24:27+00:00,100,100,100,100,0,0,7,0,0,3787,3787,3774,8484688,2473719,0.8105,text_ready | ocr_ready,pypdf_all_pages | macos_vision_ocr_all_pages,"720517_assembleia_assembleia_720517_2024-08-13_2024-08-13.pdf, 660328_assembleia_assembleia_660328_2024-05-06_2024-05-06.pdf, 608193_assembleia_assembleia_608193_2024-02-19_2024-02-19.pdf, 581777_assembleia_assembleia_581777_2024-01-04_2024-01-04.pdf",python scripts/build_fidc_industry_document_text.py --chunk-id doc-0085
doc-0086,2026-07-10T00:26:39+00:00,100,100,100,100,0,0,16,0,0,2905,2905,2900,6708671,1980220,0.8238,text_ready | ocr_ready,pypdf_all_pages | macos_vision_ocr_all_pages,"238056_regulamento_regulamento_238056_2021-10-28_2021-10-28.pdf, 238060_regulamento_regulamento_238060_2021-10-28_2021-10-28.pdf, 238048_regulamento_regulamento_238048_2019-09-16_2019-09-16.pdf, 623869_assembleia_assembleia_623869_2024-03-05_2024-03-05.pdf",python scripts/build_fidc_industry_document_text.py --chunk-id doc-0086
doc-0087,2026-07-10T00:29:35+00:00,100,100,100,100,0,0,1,0,0,3226,3226,3224,7120824,2066412,0.8015,text_ready | ocr_ready,pypdf_all_pages | macos_vision_ocr_all_pages,"620308_regulamento_regulamento_620308_2024-03-14_2024-03-14.pdf, 620312_regulamento_regulamento_620312_2024-03-14_2024-03-14.pdf, 381412_regulamento_regulamento_381412_2022-11-21_2022-11-21.pdf, 342895_regulamento_regulamento_342895_2022-08-16_2022-08-16.pdf",python scripts/build_fidc_industry_document_text.py --chunk-id doc-0087
doc-0088,2026-07-10T00:30:51+00:00,100,100,100,100,0,0,1,0,0,4226,4226,4220,9415763,2660491,0.8015,text_ready | ocr_ready,pypdf_all_pages | macos_vision_ocr_all_pages,"670430_regulamento_regulamento_670430_2024-05-28_2024-05-28.pdf, 689748_regulamento_regulamento_689748_2024-05-24_2024-05-24.pdf, 544816_regulamento_regulamento_544816_2023-10-23_2023-10-23.pdf, 373714_regulamento_regulamento_373714_2022-11-01_2022-11-01.pdf",python scripts/build_fidc_industry_document_text.py --chunk-id doc-0088
doc-0089,2026-07-10T00:32:27+00:00,100,100,100,100,0,0,1,0,0,4802,4802,4798,12663315,3541091,0.8015,text_ready | ocr_ready,pypdf_all_pages | macos_vision_ocr_all_pages,"726843_regulamento_regulamento_726843_2024-08-26_2024-08-26.pdf, 712831_regulamento_regulamento_712831_2024-08-05_2024-08-05.pdf, 697900_regulamento_regulamento_697900_2024-07-11_2024-07-11.pdf, 697897_regulamento_regulamento_697897_2024-07-10_2024-07-10.pdf",python scripts/build_fidc_industry_document_text.py --chunk-id doc-0089
doc-0090,2026-07-10T00:35:24+00:00,100,100,100,100,0,0,3,0,0,5403,5403,5400,17965738,3620408,0.804,text_ready | ocr_ready,pypdf_all_pages | macos_vision_ocr_all_pages,"740609_regulamento_regulamento_740609_2024-09-17_2024-09-17.pdf, 674106_regulamento_regulamento_674106_2024-06-04_2024-06-04.pdf, 637989_regulamento_regulamento_637989_2024-04-10_2024-04-10.pdf, 637994_regulamento_regulamento_637994_2024-01-24_2024-01-24.pdf",python scripts/build_fidc_industry_document_text.py --chunk-id doc-0090
doc-0091,2026-07-10T00:37:09+00:00,100,100,100,100,0,0,3,0,0,3951,3951,3949,9253936,2623746,0.8045,text_ready | ocr_ready,pypdf_all_pages | macos_vision_ocr_all_pages,"211750_regulamento_regulamento_211750_2021-08-30.pdf, 211748_regulamento_regulamento_211748_2021-07-19.pdf, 211749_regulamento_regulamento_211749_2021-07-19.pdf, 211747_regulamento_regulamento_211747_2021-05-24.pdf",python scripts/build_fidc_industry_document_text.py --chunk-id doc-0091
doc-0092,2026-07-10T00:39:33+00:00,100,100,100,100,0,0,0,0,0,4666,4666,4659,10933010,3079457,0.8,text_ready,pypdf_all_pages,"714192_assembleia_assembleia_714192_2024-08-08_2024-08-08.pdf, 677371_assembleia_assembleia_677371_2024-05-22_2024-05-22.pdf, 722893_regulamento_regulamento_722893_2024-08-12_2024-08-12.pdf, 329499_regulamento_regulamento_329499_2022-07-22_2022-07-22.pdf",python scripts/build_fidc_industry_document_text.py --chunk-id doc-0092
doc-0093,2026-07-10T00:41:15+00:00,100,100,100,100,0,0,2,0,0,4307,4307,4307,9712704,2874782,0.8025,text_ready | ocr_ready,pypdf_all_pages | macos_vision_ocr_all_pages,"255819_regulamento_regulamento_255819_2021-12-22_2021-12-22.pdf, 744878_emissao_emissao_744878_2024-09-25_2024-09-25.pdf, 608516_regulamento_regulamento_608516_2024-02-22_2024-02-22.pdf, 608518_regulamento_regulamento_608518_2024-02-22_2024-02-22.pdf",python scripts/build_fidc_industry_document_text.py --chunk-id doc-0093
doc-0094,2026-07-10T00:42:57+00:00,100,100,100,100,0,0,1,0,0,3766,3766,3765,8961850,2534674,0.8015,text_ready | ocr_ready,pypdf_all_pages | macos_vision_ocr_all_pages,"497089_regulamento_regulamento_497089_2023-07-18_2023-07-18.pdf, 473712_regulamento_regulamento_473712_2023-06-01_2023-06-01.pdf, 325802_regulamento_regulamento_325802_2022-07-06_2022-07-06.pdf, 325803_regulamento_regulamento_325803_2022-07-06_2022-07-06.pdf",python scripts/build_fidc_industry_document_text.py --chunk-id doc-0094
doc-0095,2026-07-10T00:55:22+00:00,100,100,100,100,0,0,0,0,0,6862,6862,6862,15597934,4263816,0.8,text_ready,pypdf_all_pages,"703045_regulamento_regulamento_703045_2024-07-22_2024-07-22.pdf, 703055_regulamento_regulamento_703055_2024-07-22_2024-07-22.pdf, 590054_regulamento_regulamento_590054_2024-01-25_2024-01-25.pdf, 467950_regulamento_regulamento_467950_2023-05-22_2023-05-22.pdf",python scripts/build_fidc_industry_document_text.py --chunk-id doc-0095
doc-0096,2026-07-10T00:55:43+00:00,100,100,100,100,0,0,1,0,0,3786,3786,3786,8660622,2558452,0.8015,text_ready | ocr_ready,pypdf_all_pages | macos_vision_ocr_all_pages,"731885_emissao_emissao_731885_2024-09-04_2024-09-04.pdf, 688049_emissao_emissao_688049_2024-06-27_2024-06-27.pdf, 688090_emissao_emissao_688090_2024-06-27_2024-06-27.pdf, 762937_regulamento_regulamento_762937_2024-10-09_2024-10-09.pdf",python scripts/build_fidc_industry_document_text.py --chunk-id doc-0096
doc-0097,2026-07-10T00:56:57+00:00,100,100,100,100,0,0,1,0,0,3080,3080,3076,8659114,2149638,0.8015,text_ready | ocr_ready,pypdf_all_pages | macos_vision_ocr_all_pages,"686832_assembleia_assembleia_686832_2024-06-05_2024-06-05.pdf, 686839_regulamento_regulamento_686839_2024-06-05_2024-06-05.pdf, 538676_regulamento_regulamento_538676_2023-08-07_2023-08-07.pdf, 802049_emissao_emissao_802049_2024-12-16_2024-12-16.pdf",python scripts/build_fidc_industry_document_text.py --chunk-id doc-0097
doc-0098,2026-07-10T00:57:53+00:00,100,100,100,100,0,0,1,0,0,2249,2249,2246,6174264,1752476,0.8015,text_ready | ocr_ready,pypdf_all_pages | macos_vision_ocr_all_pages,"722335_assembleia_assembleia_722335_2024-08-26_2024-08-26.pdf, 725618_assembleia_assembleia_725618_2024-08-26_2024-08-26.pdf, 725621_assembleia_assembleia_725621_2024-08-26_2024-08-26.pdf, 693661_assembleia_assembleia_693661_2024-07-08_2024-07-08.pdf",python scripts/build_fidc_industry_document_text.py --chunk-id doc-0098
doc-0099,2026-07-10T00:58:33+00:00,100,100,100,100,0,0,1,0,0,3375,3375,3373,8111839,2295204,0.8015,text_ready | ocr_ready,pypdf_all_pages | macos_vision_ocr_all_pages,"596879_emissao_emissao_596879_2024-02-05_2024-02-05.pdf, 750490_regulamento_regulamento_750490_2024-10-01_2024-10-01.pdf, 662529_regulamento_regulamento_662529_2024-05-13_2024-05-13.pdf, 568192_regulamento_regulamento_568192_2023-12-11_2023-12-11.pdf",python scripts/build_fidc_industry_document_text.py --chunk-id doc-0099
doc-0100,2026-07-10T00:59:27+00:00,100,100,100,100,0,0,0,0,0,3305,3305,3305,9023225,2495284,0.8,text_ready,pypdf_all_pages,"644134_assembleia_assembleia_644134_2024-04-24_2024-04-24.pdf, 620789_assembleia_assembleia_620789_2024-03-11_2024-03-11.pdf, 618361_assembleia_assembleia_618361_2024-03-04_2024-03-04.pdf, 671659_emissao_emissao_671659_2024-01-02_2024-01-02.pdf",python scripts/build_fidc_industry_document_text.py --chunk-id doc-0100
doc-0101,2026-07-10T01:00:27+00:00,100,100,100,100,0,0,1,0,0,4288,4288,4288,9325710,2642716,0.8015,text_ready | ocr_ready,pypdf_all_pages | macos_vision_ocr_all_pages,"651813_regulamento_regulamento_651813_2024-04-30_2024-04-30.pdf, 678981_emissao_emissao_678981_2024-06-12_2024-06-12.pdf, 618255_emissao_emissao_618255_2024-02-21_2024-02-21.pdf, 725127_assembleia_assembleia_725127_2024-08-22_2024-08-22.pdf",python scripts/build_fidc_industry_document_text.py --chunk-id doc-0101
doc-0102,2026-07-10T01:01:36+00:00,100,100,100,100,0,0,1,0,0,2850,2850,2844,6152331,1760213,0.8015,text_ready | ocr_ready,pypdf_all_pages | macos_vision_ocr_all_pages,"632674_assembleia_assembleia_632674_2024-03-21_2024-03-21.pdf, 632672_assembleia_assembleia_632672_2024-03-19_2024-03-19.pdf, 632669_emissao_emissao_632669_2024-03-11_2024-03-11.pdf, 808988_assembleia_assembleia_808988_2024-12-26_2024-12-26.pdf",python scripts/build_fidc_industry_document_text.py --chunk-id doc-0102
doc-0103,2026-07-10T01:02:31+00:00,100,100,100,100,0,0,0,0,0,3326,3326,3281,7845675,2234440,0.8,text_ready,pypdf_all_pages,"761535_regulamento_regulamento_761535_2024-10-18_2024-10-18.pdf, 776493_regulamento_regulamento_776493_2024-10-14_2024-10-14.pdf, 708671_regulamento_regulamento_708671_2024-07-29_2024-07-29.pdf, 737961_emissao_emissao_737961_2024-09-12_2024-09-12.pdf",python scripts/build_fidc_industry_document_text.py --chunk-id doc-0103
doc-0104,2026-07-10T01:04:10+00:00,100,100,100,100,0,0,0,0,0,2856,2856,2851,6500253,1883204,0.8,text_ready,pypdf_all_pages,"755503_regulamento_regulamento_755503_2024-10-02_2024-10-02.pdf, 699450_regulamento_regulamento_699450_2024-05-14_2024-05-14.pdf, 785257_assembleia_assembleia_785257_2024-11-21_2024-11-21.pdf, 686195_emissao_emissao_686195_2024-06-24_2024-06-24.pdf",python scripts/build_fidc_industry_document_text.py --chunk-id doc-0104
doc-0105,2026-07-10T01:05:32+00:00,100,100,100,100,0,0,2,0,0,4329,4329,4326,10270044,2913756,0.803,text_ready | ocr_ready,pypdf_all_pages | macos_vision_ocr_all_pages,"700263_regulamento_regulamento_700263_2024-07-17_2024-07-17.pdf, 690543_regulamento_regulamento_690543_2024-06-10_2024-06-10.pdf, 740095_emissao_emissao_740095_2024-09-16_2024-09-16.pdf, 734244_regulamento_regulamento_734244_2024-09-05_2024-09-05.pdf",python scripts/build_fidc_industry_document_text.py --chunk-id doc-0105
doc-0106,2026-07-10T01:07:37+00:00,98,98,98,98,0,0,0,0,0,4085,4085,4083,10096808,2803985,0.8,text_ready,pypdf_all_pages,"731640_emissao_emissao_731640_2024-09-03_2024-09-03.pdf, 729302_emissao_emissao_729302_2024-08-29_2024-08-29.pdf, 713114_emissao_emissao_713114_2024-08-07_2024-08-07.pdf, 711520_emissao_emissao_711520_2024-08-05_2024-08-05.pdf",python scripts/build_fidc_industry_document_text.py --chunk-id doc-0106
doc-0107,2026-07-10T01:09:12+00:00,92,92,92,92,0,0,1,0,0,3587,3587,3586,10216438,2442579,0.8016,text_ready | ocr_ready,pypdf_all_pages | macos_vision_ocr_all_pages,"805558_emissao_emissao_805558_2024-12-20_2024-12-20.pdf, 798733_regulamento_regulamento_798733_2024-12-10_2024-12-10.pdf, 798739_regulamento_regulamento_798739_2024-12-10_2024-12-10.pdf, 750514_emissao_emissao_750514_2024-08-09_2024-08-09.pdf",python scripts/build_fidc_industry_document_text.py --chunk-id doc-0107
doc-0108,2026-07-10T01:11:04+00:00,86,86,86,86,0,0,1,0,0,2749,2749,2743,6266457,1841060,0.8017,text_ready | ocr_ready,pypdf_all_pages | macos_vision_ocr_all_pages,"773377_emissao_emissao_773377_2024-11-06_2024-11-06.pdf, 767376_emissao_emissao_767376_2024-10-29_2024-10-29.pdf, 767377_regulamento_regulamento_767377_2024-10-29_2024-10-29.pdf, 767378_regulamento_regulamento_767378_2024-10-29_2024-10-29.pdf",python scripts/build_fidc_industry_document_text.py --chunk-id doc-0108
doc-0109,2026-07-10T01:12:31+00:00,82,82,82,82,0,0,1,0,0,3787,3787,3711,8156274,2334939,0.8018,text_ready | ocr_ready,pypdf_all_pages | macos_vision_ocr_all_pages,"785944_emissao_emissao_785944_2024-11-22_2024-11-22.pdf, 972684_emissao_emissao_972684_2024-10-31_2024-10-31.pdf, 779193_regulamento_regulamento_779193_2024-11-12_2024-11-12.pdf, 781823_emissao_emissao_781823_2024-11-18_2024-11-18.pdf",python scripts/build_fidc_industry_document_text.py --chunk-id doc-0109
