documento_id,competencia_xml,xml_version,bloco,sub_bloco,list_group_path,list_item_path,list_item_tag,list_index,tag,tag_path,field_path,schema_path_match,schema_match_strategy,descricao,valor_raw,valor_num,valor_excel,ordem_xml,competencia,data_entrega,versao_documento,status_documento
928281,05/2025,6.1,APLIC_ATIVO,LISTA_CEDENT_CRED_EXISTE/CEDENT_CRED_EXISTE,DOC_ARQ/LISTA_INFORM/APLIC_ATIVO/LISTA_CEDENT_CRED_EXISTE/CEDENT_CRED_EXISTE,DOC_ARQ/LISTA_INFORM/APLIC_ATIVO/LISTA_CEDENT_CRED_EXISTE/CEDENT_CRED_EXISTE[1],CEDENT_CRED_EXISTE,1,NR_PF_PJ_CEDENT_CRED_EXISTE,DOC_ARQ/LISTA_INFORM/APLIC_ATIVO/LISTA_CEDENT_CRED_EXISTE/CEDENT_CRED_EXISTE/NR_PF_PJ_CEDENT_CRED_EXISTE,DOC_ARQ/LISTA_INFORM/APLIC_ATIVO/LISTA_CEDENT_CRED_EXISTE/CEDENT_CRED_EXISTE[1]/NR_PF_PJ_CEDENT_CRED_EXISTE,DOC_ARQ/LISTA_INFORM/APLIC_ATIVO/LISTA_CEDENT_CRED_EXISTE/CEDENT_CRED_EXISTE/NR_PF_PJ_CEDENT_CRED_EXISTE,exact,VALOR DO CPF OU CNPJ DO CEDENTE,11581339000145,11581339000145.0,11581339000145.0,25,05/2025,18/06/2025 16:41,1,AC
928281,05/2025,6.1,APLIC_ATIVO,LISTA_CEDENT_CRED_EXISTE/CEDENT_CRED_EXISTE,DOC_ARQ/LISTA_INFORM/APLIC_ATIVO/LISTA_CEDENT_CRED_EXISTE/CEDENT_CRED_EXISTE,DOC_ARQ/LISTA_INFORM/APLIC_ATIVO/LISTA_CEDENT_CRED_EXISTE/CEDENT_CRED_EXISTE[1],CEDENT_CRED_EXISTE,1,PR_CEDENT_CRED_EXISTE,DOC_ARQ/LISTA_INFORM/APLIC_ATIVO/LISTA_CEDENT_CRED_EXISTE/CEDENT_CRED_EXISTE/PR_CEDENT_CRED_EXISTE,DOC_ARQ/LISTA_INFORM/APLIC_ATIVO/LISTA_CEDENT_CRED_EXISTE/CEDENT_CRED_EXISTE[1]/PR_CEDENT_CRED_EXISTE,DOC_ARQ/LISTA_INFORM/APLIC_ATIVO/LISTA_CEDENT_CRED_EXISTE/CEDENT_CRED_EXISTE/PR_CEDENT_CRED_EXISTE,exact,VALOR DO PERCENTUAL DE PARTICIPAÇÃO,"72,51",72.51,72.51,26,05/2025,18/06/2025 16:41,1,AC
952047,06/2025,1,APLIC_ATIVO,LISTA_CEDENT_CRED_EXISTE/CEDENT_CRED_EXISTE,DOC_ARQ/LISTA_INFORM/APLIC_ATIVO/LISTA_CEDENT_CRED_EXISTE/CEDENT_CRED_EXISTE,DOC_ARQ/LISTA_INFORM/APLIC_ATIVO/LISTA_CEDENT_CRED_EXISTE/CEDENT_CRED_EXISTE[1],CEDENT_CRED_EXISTE,1,NR_PF_PJ_CEDENT_CRED_EXISTE,DOC_ARQ/LISTA_INFORM/APLIC_ATIVO/LISTA_CEDENT_CRED_EXISTE/CEDENT_CRED_EXISTE/NR_PF_PJ_CEDENT_CRED_EXISTE,DOC_ARQ/LISTA_INFORM/APLIC_ATIVO/LISTA_CEDENT_CRED_EXISTE/CEDENT_CRED_EXISTE[1]/NR_PF_PJ_CEDENT_CRED_EXISTE,DOC_ARQ/LISTA_INFORM/APLIC_ATIVO/LISTA_CEDENT_CRED_EXISTE/CEDENT_CRED_EXISTE/NR_PF_PJ_CEDENT_CRED_EXISTE,exact,VALOR DO CPF OU CNPJ DO CEDENTE,11581339000145,11581339000145.0,11581339000145.0,24,06/2025,24/07/2025 14:46,3,AC
952047,06/2025,1,APLIC_ATIVO,LISTA_CEDENT_CRED_EXISTE/CEDENT_CRED_EXISTE,DOC_ARQ/LISTA_INFORM/APLIC_ATIVO/LISTA_CEDENT_CRED_EXISTE/CEDENT_CRED_EXISTE,DOC_ARQ/LISTA_INFORM/APLIC_ATIVO/LISTA_CEDENT_CRED_EXISTE/CEDENT_CRED_EXISTE[1],CEDENT_CRED_EXISTE,1,PR_CEDENT_CRED_EXISTE,DOC_ARQ/LISTA_INFORM/APLIC_ATIVO/LISTA_CEDENT_CRED_EXISTE/CEDENT_CRED_EXISTE/PR_CEDENT_CRED_EXISTE,DOC_ARQ/LISTA_INFORM/APLIC_ATIVO/LISTA_CEDENT_CRED_EXISTE/CEDENT_CRED_EXISTE[1]/PR_CEDENT_CRED_EXISTE,DOC_ARQ/LISTA_INFORM/APLIC_ATIVO/LISTA_CEDENT_CRED_EXISTE/CEDENT_CRED_EXISTE/PR_CEDENT_CRED_EXISTE,exact,VALOR DO PERCENTUAL DE PARTICIPAÇÃO,"67,70",67.7,67.7,25,06/2025,24/07/2025 14:46,3,AC
952047,06/2025,1,APLIC_ATIVO,LISTA_CEDENT_CRED_EXISTE/CEDENT_CRED_EXISTE,DOC_ARQ/LISTA_INFORM/APLIC_ATIVO/LISTA_CEDENT_CRED_EXISTE/CEDENT_CRED_EXISTE,DOC_ARQ/LISTA_INFORM/APLIC_ATIVO/LISTA_CEDENT_CRED_EXISTE/CEDENT_CRED_EXISTE[2],CEDENT_CRED_EXISTE,2,NR_PF_PJ_CEDENT_CRED_EXISTE,DOC_ARQ/LISTA_INFORM/APLIC_ATIVO/LISTA_CEDENT_CRED_EXISTE/CEDENT_CRED_EXISTE/NR_PF_PJ_CEDENT_CRED_EXISTE,DOC_ARQ/LISTA_INFORM/APLIC_ATIVO/LISTA_CEDENT_CRED_EXISTE/CEDENT_CRED_EXISTE[2]/NR_PF_PJ_CEDENT_CRED_EXISTE,DOC_ARQ/LISTA_INFORM/APLIC_ATIVO/LISTA_CEDENT_CRED_EXISTE/CEDENT_CRED_EXISTE/NR_PF_PJ_CEDENT_CRED_EXISTE,exact,VALOR DO CPF OU CNPJ DO CEDENTE,37679449000138,37679449000138.0,37679449000138.0,26,06/2025,24/07/2025 14:46,3,AC
952047,06/2025,1,APLIC_ATIVO,LISTA_CEDENT_CRED_EXISTE/CEDENT_CRED_EXISTE,DOC_ARQ/LISTA_INFORM/APLIC_ATIVO/LISTA_CEDENT_CRED_EXISTE/CEDENT_CRED_EXISTE,DOC_ARQ/LISTA_INFORM/APLIC_ATIVO/LISTA_CEDENT_CRED_EXISTE/CEDENT_CRED_EXISTE[2],CEDENT_CRED_EXISTE,2,PR_CEDENT_CRED_EXISTE,DOC_ARQ/LISTA_INFORM/APLIC_ATIVO/LISTA_CEDENT_CRED_EXISTE/CEDENT_CRED_EXISTE/PR_CEDENT_CRED_EXISTE,DOC_ARQ/LISTA_INFORM/APLIC_ATIVO/LISTA_CEDENT_CRED_EXISTE/CEDENT_CRED_EXISTE[2]/PR_CEDENT_CRED_EXISTE,DOC_ARQ/LISTA_INFORM/APLIC_ATIVO/LISTA_CEDENT_CRED_EXISTE/CEDENT_CRED_EXISTE/PR_CEDENT_CRED_EXISTE,exact,VALOR DO PERCENTUAL DE PARTICIPAÇÃO,"11,09",11.09,11.09,27,06/2025,24/07/2025 14:46,3,AC
1016241,09/2025,1,APLIC_ATIVO,LISTA_CEDENT_CRED_EXISTE/CEDENT_CRED_EXISTE,DOC_ARQ/LISTA_INFORM/APLIC_ATIVO/LISTA_CEDENT_CRED_EXISTE/CEDENT_CRED_EXISTE,DOC_ARQ/LISTA_INFORM/APLIC_ATIVO/LISTA_CEDENT_CRED_EXISTE/CEDENT_CRED_EXISTE[1],CEDENT_CRED_EXISTE,1,NR_PF_PJ_CEDENT_CRED_EXISTE,DOC_ARQ/LISTA_INFORM/APLIC_ATIVO/LISTA_CEDENT_CRED_EXISTE/CEDENT_CRED_EXISTE/NR_PF_PJ_CEDENT_CRED_EXISTE,DOC_ARQ/LISTA_INFORM/APLIC_ATIVO/LISTA_CEDENT_CRED_EXISTE/CEDENT_CRED_EXISTE[1]/NR_PF_PJ_CEDENT_CRED_EXISTE,DOC_ARQ/LISTA_INFORM/APLIC_ATIVO/LISTA_CEDENT_CRED_EXISTE/CEDENT_CRED_EXISTE/NR_PF_PJ_CEDENT_CRED_EXISTE,exact,VALOR DO CPF OU CNPJ DO CEDENTE,11581339000145,11581339000145.0,11581339000145.0,24,09/2025,16/10/2025 15:55,2,AC
1016241,09/2025,1,APLIC_ATIVO,LISTA_CEDENT_CRED_EXISTE/CEDENT_CRED_EXISTE,DOC_ARQ/LISTA_INFORM/APLIC_ATIVO/LISTA_CEDENT_CRED_EXISTE/CEDENT_CRED_EXISTE,DOC_ARQ/LISTA_INFORM/APLIC_ATIVO/LISTA_CEDENT_CRED_EXISTE/CEDENT_CRED_EXISTE[1],CEDENT_CRED_EXISTE,1,PR_CEDENT_CRED_EXISTE,DOC_ARQ/LISTA_INFORM/APLIC_ATIVO/LISTA_CEDENT_CRED_EXISTE/CEDENT_CRED_EXISTE/PR_CEDENT_CRED_EXISTE,DOC_ARQ/LISTA_INFORM/APLIC_ATIVO/LISTA_CEDENT_CRED_EXISTE/CEDENT_CRED_EXISTE[1]/PR_CEDENT_CRED_EXISTE,DOC_ARQ/LISTA_INFORM/APLIC_ATIVO/LISTA_CEDENT_CRED_EXISTE/CEDENT_CRED_EXISTE/PR_CEDENT_CRED_EXISTE,exact,VALOR DO PERCENTUAL DE PARTICIPAÇÃO,"59,00",59.0,59.0,25,09/2025,16/10/2025 15:55,2,AC
1016241,09/2025,1,APLIC_ATIVO,LISTA_CEDENT_CRED_EXISTE/CEDENT_CRED_EXISTE,DOC_ARQ/LISTA_INFORM/APLIC_ATIVO/LISTA_CEDENT_CRED_EXISTE/CEDENT_CRED_EXISTE,DOC_ARQ/LISTA_INFORM/APLIC_ATIVO/LISTA_CEDENT_CRED_EXISTE/CEDENT_CRED_EXISTE[2],CEDENT_CRED_EXISTE,2,NR_PF_PJ_CEDENT_CRED_EXISTE,DOC_ARQ/LISTA_INFORM/APLIC_ATIVO/LISTA_CEDENT_CRED_EXISTE/CEDENT_CRED_EXISTE/NR_PF_PJ_CEDENT_CRED_EXISTE,DOC_ARQ/LISTA_INFORM/APLIC_ATIVO/LISTA_CEDENT_CRED_EXISTE/CEDENT_CRED_EXISTE[2]/NR_PF_PJ_CEDENT_CRED_EXISTE,DOC_ARQ/LISTA_INFORM/APLIC_ATIVO/LISTA_CEDENT_CRED_EXISTE/CEDENT_CRED_EXISTE/NR_PF_PJ_CEDENT_CRED_EXISTE,exact,VALOR DO CPF OU CNPJ DO CEDENTE,37679449000138,37679449000138.0,37679449000138.0,26,09/2025,16/10/2025 15:55,2,AC
1016241,09/2025,1,APLIC_ATIVO,LISTA_CEDENT_CRED_EXISTE/CEDENT_CRED_EXISTE,DOC_ARQ/LISTA_INFORM/APLIC_ATIVO/LISTA_CEDENT_CRED_EXISTE/CEDENT_CRED_EXISTE,DOC_ARQ/LISTA_INFORM/APLIC_ATIVO/LISTA_CEDENT_CRED_EXISTE/CEDENT_CRED_EXISTE[2],CEDENT_CRED_EXISTE,2,PR_CEDENT_CRED_EXISTE,DOC_ARQ/LISTA_INFORM/APLIC_ATIVO/LISTA_CEDENT_CRED_EXISTE/CEDENT_CRED_EXISTE/PR_CEDENT_CRED_EXISTE,DOC_ARQ/LISTA_INFORM/APLIC_ATIVO/LISTA_CEDENT_CRED_EXISTE/CEDENT_CRED_EXISTE[2]/PR_CEDENT_CRED_EXISTE,DOC_ARQ/LISTA_INFORM/APLIC_ATIVO/LISTA_CEDENT_CRED_EXISTE/CEDENT_CRED_EXISTE/PR_CEDENT_CRED_EXISTE,exact,VALOR DO PERCENTUAL DE PARTICIPAÇÃO,"23,00",23.0,23.0,27,09/2025,16/10/2025 15:55,2,AC
1036544,10/2025,1,APLIC_ATIVO,LISTA_CEDENT_CRED_EXISTE/CEDENT_CRED_EXISTE,DOC_ARQ/LISTA_INFORM/APLIC_ATIVO/LISTA_CEDENT_CRED_EXISTE/CEDENT_CRED_EXISTE,DOC_ARQ/LISTA_INFORM/APLIC_ATIVO/LISTA_CEDENT_CRED_EXISTE/CEDENT_CRED_EXISTE[1],CEDENT_CRED_EXISTE,1,NR_PF_PJ_CEDENT_CRED_EXISTE,DOC_ARQ/LISTA_INFORM/APLIC_ATIVO/LISTA_CEDENT_CRED_EXISTE/CEDENT_CRED_EXISTE/NR_PF_PJ_CEDENT_CRED_EXISTE,DOC_ARQ/LISTA_INFORM/APLIC_ATIVO/LISTA_CEDENT_CRED_EXISTE/CEDENT_CRED_EXISTE[1]/NR_PF_PJ_CEDENT_CRED_EXISTE,DOC_ARQ/LISTA_INFORM/APLIC_ATIVO/LISTA_CEDENT_CRED_EXISTE/CEDENT_CRED_EXISTE/NR_PF_PJ_CEDENT_CRED_EXISTE,exact,VALOR DO CPF OU CNPJ DO CEDENTE,37679449000138,37679449000138.0,37679449000138.0,24,10/2025,13/11/2025 16:12,1,AC
1036544,10/2025,1,APLIC_ATIVO,LISTA_CEDENT_CRED_EXISTE/CEDENT_CRED_EXISTE,DOC_ARQ/LISTA_INFORM/APLIC_ATIVO/LISTA_CEDENT_CRED_EXISTE/CEDENT_CRED_EXISTE,DOC_ARQ/LISTA_INFORM/APLIC_ATIVO/LISTA_CEDENT_CRED_EXISTE/CEDENT_CRED_EXISTE[1],CEDENT_CRED_EXISTE,1,PR_CEDENT_CRED_EXISTE,DOC_ARQ/LISTA_INFORM/APLIC_ATIVO/LISTA_CEDENT_CRED_EXISTE/CEDENT_CRED_EXISTE/PR_CEDENT_CRED_EXISTE,DOC_ARQ/LISTA_INFORM/APLIC_ATIVO/LISTA_CEDENT_CRED_EXISTE/CEDENT_CRED_EXISTE[1]/PR_CEDENT_CRED_EXISTE,DOC_ARQ/LISTA_INFORM/APLIC_ATIVO/LISTA_CEDENT_CRED_EXISTE/CEDENT_CRED_EXISTE/PR_CEDENT_CRED_EXISTE,exact,VALOR DO PERCENTUAL DE PARTICIPAÇÃO,"29,00",29.0,29.0,25,10/2025,13/11/2025 16:12,1,AC
1036544,10/2025,1,APLIC_ATIVO,LISTA_CEDENT_CRED_EXISTE/CEDENT_CRED_EXISTE,DOC_ARQ/LISTA_INFORM/APLIC_ATIVO/LISTA_CEDENT_CRED_EXISTE/CEDENT_CRED_EXISTE,DOC_ARQ/LISTA_INFORM/APLIC_ATIVO/LISTA_CEDENT_CRED_EXISTE/CEDENT_CRED_EXISTE[2],CEDENT_CRED_EXISTE,2,NR_PF_PJ_CEDENT_CRED_EXISTE,DOC_ARQ/LISTA_INFORM/APLIC_ATIVO/LISTA_CEDENT_CRED_EXISTE/CEDENT_CRED_EXISTE/NR_PF_PJ_CEDENT_CRED_EXISTE,DOC_ARQ/LISTA_INFORM/APLIC_ATIVO/LISTA_CEDENT_CRED_EXISTE/CEDENT_CRED_EXISTE[2]/NR_PF_PJ_CEDENT_CRED_EXISTE,DOC_ARQ/LISTA_INFORM/APLIC_ATIVO/LISTA_CEDENT_CRED_EXISTE/CEDENT_CRED_EXISTE/NR_PF_PJ_CEDENT_CRED_EXISTE,exact,VALOR DO CPF OU CNPJ DO CEDENTE,11581339000145,11581339000145.0,11581339000145.0,26,10/2025,13/11/2025 16:12,1,AC
1036544,10/2025,1,APLIC_ATIVO,LISTA_CEDENT_CRED_EXISTE/CEDENT_CRED_EXISTE,DOC_ARQ/LISTA_INFORM/APLIC_ATIVO/LISTA_CEDENT_CRED_EXISTE/CEDENT_CRED_EXISTE,DOC_ARQ/LISTA_INFORM/APLIC_ATIVO/LISTA_CEDENT_CRED_EXISTE/CEDENT_CRED_EXISTE[2],CEDENT_CRED_EXISTE,2,PR_CEDENT_CRED_EXISTE,DOC_ARQ/LISTA_INFORM/APLIC_ATIVO/LISTA_CEDENT_CRED_EXISTE/CEDENT_CRED_EXISTE/PR_CEDENT_CRED_EXISTE,DOC_ARQ/LISTA_INFORM/APLIC_ATIVO/LISTA_CEDENT_CRED_EXISTE/CEDENT_CRED_EXISTE[2]/PR_CEDENT_CRED_EXISTE,DOC_ARQ/LISTA_INFORM/APLIC_ATIVO/LISTA_CEDENT_CRED_EXISTE/CEDENT_CRED_EXISTE/PR_CEDENT_CRED_EXISTE,exact,VALOR DO PERCENTUAL DE PARTICIPAÇÃO,"55,00",55.0,55.0,27,10/2025,13/11/2025 16:12,1,AC
1061608,11/2025,1,APLIC_ATIVO,LISTA_CEDENT_CRED_EXISTE/CEDENT_CRED_EXISTE,DOC_ARQ/LISTA_INFORM/APLIC_ATIVO/LISTA_CEDENT_CRED_EXISTE/CEDENT_CRED_EXISTE,DOC_ARQ/LISTA_INFORM/APLIC_ATIVO/LISTA_CEDENT_CRED_EXISTE/CEDENT_CRED_EXISTE[1],CEDENT_CRED_EXISTE,1,NR_PF_PJ_CEDENT_CRED_EXISTE,DOC_ARQ/LISTA_INFORM/APLIC_ATIVO/LISTA_CEDENT_CRED_EXISTE/CEDENT_CRED_EXISTE/NR_PF_PJ_CEDENT_CRED_EXISTE,DOC_ARQ/LISTA_INFORM/APLIC_ATIVO/LISTA_CEDENT_CRED_EXISTE/CEDENT_CRED_EXISTE[1]/NR_PF_PJ_CEDENT_CRED_EXISTE,DOC_ARQ/LISTA_INFORM/APLIC_ATIVO/LISTA_CEDENT_CRED_EXISTE/CEDENT_CRED_EXISTE/NR_PF_PJ_CEDENT_CRED_EXISTE,exact,VALOR DO CPF OU CNPJ DO CEDENTE,11581339000145,11581339000145.0,11581339000145.0,24,11/2025,15/12/2025 10:36,1,AC
1061608,11/2025,1,APLIC_ATIVO,LISTA_CEDENT_CRED_EXISTE/CEDENT_CRED_EXISTE,DOC_ARQ/LISTA_INFORM/APLIC_ATIVO/LISTA_CEDENT_CRED_EXISTE/CEDENT_CRED_EXISTE,DOC_ARQ/LISTA_INFORM/APLIC_ATIVO/LISTA_CEDENT_CRED_EXISTE/CEDENT_CRED_EXISTE[1],CEDENT_CRED_EXISTE,1,PR_CEDENT_CRED_EXISTE,DOC_ARQ/LISTA_INFORM/APLIC_ATIVO/LISTA_CEDENT_CRED_EXISTE/CEDENT_CRED_EXISTE/PR_CEDENT_CRED_EXISTE,DOC_ARQ/LISTA_INFORM/APLIC_ATIVO/LISTA_CEDENT_CRED_EXISTE/CEDENT_CRED_EXISTE[1]/PR_CEDENT_CRED_EXISTE,DOC_ARQ/LISTA_INFORM/APLIC_ATIVO/LISTA_CEDENT_CRED_EXISTE/CEDENT_CRED_EXISTE/PR_CEDENT_CRED_EXISTE,exact,VALOR DO PERCENTUAL DE PARTICIPAÇÃO,"56,00",56.0,56.0,25,11/2025,15/12/2025 10:36,1,AC
1061608,11/2025,1,APLIC_ATIVO,LISTA_CEDENT_CRED_EXISTE/CEDENT_CRED_EXISTE,DOC_ARQ/LISTA_INFORM/APLIC_ATIVO/LISTA_CEDENT_CRED_EXISTE/CEDENT_CRED_EXISTE,DOC_ARQ/LISTA_INFORM/APLIC_ATIVO/LISTA_CEDENT_CRED_EXISTE/CEDENT_CRED_EXISTE[2],CEDENT_CRED_EXISTE,2,NR_PF_PJ_CEDENT_CRED_EXISTE,DOC_ARQ/LISTA_INFORM/APLIC_ATIVO/LISTA_CEDENT_CRED_EXISTE/CEDENT_CRED_EXISTE/NR_PF_PJ_CEDENT_CRED_EXISTE,DOC_ARQ/LISTA_INFORM/APLIC_ATIVO/LISTA_CEDENT_CRED_EXISTE/CEDENT_CRED_EXISTE[2]/NR_PF_PJ_CEDENT_CRED_EXISTE,DOC_ARQ/LISTA_INFORM/APLIC_ATIVO/LISTA_CEDENT_CRED_EXISTE/CEDENT_CRED_EXISTE/NR_PF_PJ_CEDENT_CRED_EXISTE,exact,VALOR DO CPF OU CNPJ DO CEDENTE,37679449000138,37679449000138.0,37679449000138.0,26,11/2025,15/12/2025 10:36,1,AC
1061608,11/2025,1,APLIC_ATIVO,LISTA_CEDENT_CRED_EXISTE/CEDENT_CRED_EXISTE,DOC_ARQ/LISTA_INFORM/APLIC_ATIVO/LISTA_CEDENT_CRED_EXISTE/CEDENT_CRED_EXISTE,DOC_ARQ/LISTA_INFORM/APLIC_ATIVO/LISTA_CEDENT_CRED_EXISTE/CEDENT_CRED_EXISTE[2],CEDENT_CRED_EXISTE,2,PR_CEDENT_CRED_EXISTE,DOC_ARQ/LISTA_INFORM/APLIC_ATIVO/LISTA_CEDENT_CRED_EXISTE/CEDENT_CRED_EXISTE/PR_CEDENT_CRED_EXISTE,DOC_ARQ/LISTA_INFORM/APLIC_ATIVO/LISTA_CEDENT_CRED_EXISTE/CEDENT_CRED_EXISTE[2]/PR_CEDENT_CRED_EXISTE,DOC_ARQ/LISTA_INFORM/APLIC_ATIVO/LISTA_CEDENT_CRED_EXISTE/CEDENT_CRED_EXISTE/PR_CEDENT_CRED_EXISTE,exact,VALOR DO PERCENTUAL DE PARTICIPAÇÃO,"33,00",33.0,33.0,27,11/2025,15/12/2025 10:36,1,AC
1082242,12/2025,6.6,APLIC_ATIVO,LISTA_CEDENT_CRED_EXISTE/CEDENT_CRED_EXISTE,DOC_ARQ/LISTA_INFORM/APLIC_ATIVO/LISTA_CEDENT_CRED_EXISTE/CEDENT_CRED_EXISTE,DOC_ARQ/LISTA_INFORM/APLIC_ATIVO/LISTA_CEDENT_CRED_EXISTE/CEDENT_CRED_EXISTE[1],CEDENT_CRED_EXISTE,1,NR_PF_PJ_CEDENT_CRED_EXISTE,DOC_ARQ/LISTA_INFORM/APLIC_ATIVO/LISTA_CEDENT_CRED_EXISTE/CEDENT_CRED_EXISTE/NR_PF_PJ_CEDENT_CRED_EXISTE,DOC_ARQ/LISTA_INFORM/APLIC_ATIVO/LISTA_CEDENT_CRED_EXISTE/CEDENT_CRED_EXISTE[1]/NR_PF_PJ_CEDENT_CRED_EXISTE,DOC_ARQ/LISTA_INFORM/APLIC_ATIVO/LISTA_CEDENT_CRED_EXISTE/CEDENT_CRED_EXISTE/NR_PF_PJ_CEDENT_CRED_EXISTE,exact,VALOR DO CPF OU CNPJ DO CEDENTE,11581339000145,11581339000145.0,11581339000145.0,24,12/2025,14/01/2026 15:54,1,AC
1082242,12/2025,6.6,APLIC_ATIVO,LISTA_CEDENT_CRED_EXISTE/CEDENT_CRED_EXISTE,DOC_ARQ/LISTA_INFORM/APLIC_ATIVO/LISTA_CEDENT_CRED_EXISTE/CEDENT_CRED_EXISTE,DOC_ARQ/LISTA_INFORM/APLIC_ATIVO/LISTA_CEDENT_CRED_EXISTE/CEDENT_CRED_EXISTE[1],CEDENT_CRED_EXISTE,1,PR_CEDENT_CRED_EXISTE,DOC_ARQ/LISTA_INFORM/APLIC_ATIVO/LISTA_CEDENT_CRED_EXISTE/CEDENT_CRED_EXISTE/PR_CEDENT_CRED_EXISTE,DOC_ARQ/LISTA_INFORM/APLIC_ATIVO/LISTA_CEDENT_CRED_EXISTE/CEDENT_CRED_EXISTE[1]/PR_CEDENT_CRED_EXISTE,DOC_ARQ/LISTA_INFORM/APLIC_ATIVO/LISTA_CEDENT_CRED_EXISTE/CEDENT_CRED_EXISTE/PR_CEDENT_CRED_EXISTE,exact,VALOR DO PERCENTUAL DE PARTICIPAÇÃO,"57,00",57.0,57.0,25,12/2025,14/01/2026 15:54,1,AC
1082242,12/2025,6.6,APLIC_ATIVO,LISTA_CEDENT_CRED_EXISTE/CEDENT_CRED_EXISTE,DOC_ARQ/LISTA_INFORM/APLIC_ATIVO/LISTA_CEDENT_CRED_EXISTE/CEDENT_CRED_EXISTE,DOC_ARQ/LISTA_INFORM/APLIC_ATIVO/LISTA_CEDENT_CRED_EXISTE/CEDENT_CRED_EXISTE[2],CEDENT_CRED_EXISTE,2,NR_PF_PJ_CEDENT_CRED_EXISTE,DOC_ARQ/LISTA_INFORM/APLIC_ATIVO/LISTA_CEDENT_CRED_EXISTE/CEDENT_CRED_EXISTE/NR_PF_PJ_CEDENT_CRED_EXISTE,DOC_ARQ/LISTA_INFORM/APLIC_ATIVO/LISTA_CEDENT_CRED_EXISTE/CEDENT_CRED_EXISTE[2]/NR_PF_PJ_CEDENT_CRED_EXISTE,DOC_ARQ/LISTA_INFORM/APLIC_ATIVO/LISTA_CEDENT_CRED_EXISTE/CEDENT_CRED_EXISTE/NR_PF_PJ_CEDENT_CRED_EXISTE,exact,VALOR DO CPF OU CNPJ DO CEDENTE,37679449000138,37679449000138.0,37679449000138.0,26,12/2025,14/01/2026 15:54,1,AC
1082242,12/2025,6.6,APLIC_ATIVO,LISTA_CEDENT_CRED_EXISTE/CEDENT_CRED_EXISTE,DOC_ARQ/LISTA_INFORM/APLIC_ATIVO/LISTA_CEDENT_CRED_EXISTE/CEDENT_CRED_EXISTE,DOC_ARQ/LISTA_INFORM/APLIC_ATIVO/LISTA_CEDENT_CRED_EXISTE/CEDENT_CRED_EXISTE[2],CEDENT_CRED_EXISTE,2,PR_CEDENT_CRED_EXISTE,DOC_ARQ/LISTA_INFORM/APLIC_ATIVO/LISTA_CEDENT_CRED_EXISTE/CEDENT_CRED_EXISTE/PR_CEDENT_CRED_EXISTE,DOC_ARQ/LISTA_INFORM/APLIC_ATIVO/LISTA_CEDENT_CRED_EXISTE/CEDENT_CRED_EXISTE[2]/PR_CEDENT_CRED_EXISTE,DOC_ARQ/LISTA_INFORM/APLIC_ATIVO/LISTA_CEDENT_CRED_EXISTE/CEDENT_CRED_EXISTE/PR_CEDENT_CRED_EXISTE,exact,VALOR DO PERCENTUAL DE PARTICIPAÇÃO,"35,00",35.0,35.0,27,12/2025,14/01/2026 15:54,1,AC
1147184,01/2026,6.6,APLIC_ATIVO,LISTA_CEDENT_CRED_EXISTE/CEDENT_CRED_EXISTE,DOC_ARQ/LISTA_INFORM/APLIC_ATIVO/LISTA_CEDENT_CRED_EXISTE/CEDENT_CRED_EXISTE,DOC_ARQ/LISTA_INFORM/APLIC_ATIVO/LISTA_CEDENT_CRED_EXISTE/CEDENT_CRED_EXISTE[1],CEDENT_CRED_EXISTE,1,NR_PF_PJ_CEDENT_CRED_EXISTE,DOC_ARQ/LISTA_INFORM/APLIC_ATIVO/LISTA_CEDENT_CRED_EXISTE/CEDENT_CRED_EXISTE/NR_PF_PJ_CEDENT_CRED_EXISTE,DOC_ARQ/LISTA_INFORM/APLIC_ATIVO/LISTA_CEDENT_CRED_EXISTE/CEDENT_CRED_EXISTE[1]/NR_PF_PJ_CEDENT_CRED_EXISTE,DOC_ARQ/LISTA_INFORM/APLIC_ATIVO/LISTA_CEDENT_CRED_EXISTE/CEDENT_CRED_EXISTE/NR_PF_PJ_CEDENT_CRED_EXISTE,exact,VALOR DO CPF OU CNPJ DO CEDENTE,11581339000145,11581339000145.0,11581339000145.0,24,01/2026,27/03/2026 19:23,2,AC
1147184,01/2026,6.6,APLIC_ATIVO,LISTA_CEDENT_CRED_EXISTE/CEDENT_CRED_EXISTE,DOC_ARQ/LISTA_INFORM/APLIC_ATIVO/LISTA_CEDENT_CRED_EXISTE/CEDENT_CRED_EXISTE,DOC_ARQ/LISTA_INFORM/APLIC_ATIVO/LISTA_CEDENT_CRED_EXISTE/CEDENT_CRED_EXISTE[1],CEDENT_CRED_EXISTE,1,PR_CEDENT_CRED_EXISTE,DOC_ARQ/LISTA_INFORM/APLIC_ATIVO/LISTA_CEDENT_CRED_EXISTE/CEDENT_CRED_EXISTE/PR_CEDENT_CRED_EXISTE,DOC_ARQ/LISTA_INFORM/APLIC_ATIVO/LISTA_CEDENT_CRED_EXISTE/CEDENT_CRED_EXISTE[1]/PR_CEDENT_CRED_EXISTE,DOC_ARQ/LISTA_INFORM/APLIC_ATIVO/LISTA_CEDENT_CRED_EXISTE/CEDENT_CRED_EXISTE/PR_CEDENT_CRED_EXISTE,exact,VALOR DO PERCENTUAL DE PARTICIPAÇÃO,"58,00",58.0,58.0,25,01/2026,27/03/2026 19:23,2,AC
1147184,01/2026,6.6,APLIC_ATIVO,LISTA_CEDENT_CRED_EXISTE/CEDENT_CRED_EXISTE,DOC_ARQ/LISTA_INFORM/APLIC_ATIVO/LISTA_CEDENT_CRED_EXISTE/CEDENT_CRED_EXISTE,DOC_ARQ/LISTA_INFORM/APLIC_ATIVO/LISTA_CEDENT_CRED_EXISTE/CEDENT_CRED_EXISTE[2],CEDENT_CRED_EXISTE,2,NR_PF_PJ_CEDENT_CRED_EXISTE,DOC_ARQ/LISTA_INFORM/APLIC_ATIVO/LISTA_CEDENT_CRED_EXISTE/CEDENT_CRED_EXISTE/NR_PF_PJ_CEDENT_CRED_EXISTE,DOC_ARQ/LISTA_INFORM/APLIC_ATIVO/LISTA_CEDENT_CRED_EXISTE/CEDENT_CRED_EXISTE[2]/NR_PF_PJ_CEDENT_CRED_EXISTE,DOC_ARQ/LISTA_INFORM/APLIC_ATIVO/LISTA_CEDENT_CRED_EXISTE/CEDENT_CRED_EXISTE/NR_PF_PJ_CEDENT_CRED_EXISTE,exact,VALOR DO CPF OU CNPJ DO CEDENTE,37679449000138,37679449000138.0,37679449000138.0,26,01/2026,27/03/2026 19:23,2,AC
1147184,01/2026,6.6,APLIC_ATIVO,LISTA_CEDENT_CRED_EXISTE/CEDENT_CRED_EXISTE,DOC_ARQ/LISTA_INFORM/APLIC_ATIVO/LISTA_CEDENT_CRED_EXISTE/CEDENT_CRED_EXISTE,DOC_ARQ/LISTA_INFORM/APLIC_ATIVO/LISTA_CEDENT_CRED_EXISTE/CEDENT_CRED_EXISTE[2],CEDENT_CRED_EXISTE,2,PR_CEDENT_CRED_EXISTE,DOC_ARQ/LISTA_INFORM/APLIC_ATIVO/LISTA_CEDENT_CRED_EXISTE/CEDENT_CRED_EXISTE/PR_CEDENT_CRED_EXISTE,DOC_ARQ/LISTA_INFORM/APLIC_ATIVO/LISTA_CEDENT_CRED_EXISTE/CEDENT_CRED_EXISTE[2]/PR_CEDENT_CRED_EXISTE,DOC_ARQ/LISTA_INFORM/APLIC_ATIVO/LISTA_CEDENT_CRED_EXISTE/CEDENT_CRED_EXISTE/PR_CEDENT_CRED_EXISTE,exact,VALOR DO PERCENTUAL DE PARTICIPAÇÃO,"39,00",39.0,39.0,27,01/2026,27/03/2026 19:23,2,AC
1167008,02/2026,6.6,OUTRAS_INFORM,CAPTA_RESGA_AMORTI/CAPT_MES/CLASSE_SENIOR,DOC_ARQ/LISTA_INFORM/OUTRAS_INFORM/CAPTA_RESGA_AMORTI/CAPT_MES/CLASSE_SENIOR,DOC_ARQ/LISTA_INFORM/OUTRAS_INFORM/CAPTA_RESGA_AMORTI/CAPT_MES/CLASSE_SENIOR[1],CLASSE_SENIOR,1,SERIE,DOC_ARQ/LISTA_INFORM/OUTRAS_INFORM/CAPTA_RESGA_AMORTI/CAPT_MES/CLASSE_SENIOR/SERIE,DOC_ARQ/LISTA_INFORM/OUTRAS_INFORM/CAPTA_RESGA_AMORTI/CAPT_MES/CLASSE_SENIOR[1]/SERIE,,,,Série 1,,Série 1,328,02/2026,20/04/2026 20:33,4,AC
1167008,02/2026,6.6,OUTRAS_INFORM,CAPTA_RESGA_AMORTI/CAPT_MES/CLASSE_SENIOR,DOC_ARQ/LISTA_INFORM/OUTRAS_INFORM/CAPTA_RESGA_AMORTI/CAPT_MES/CLASSE_SENIOR,DOC_ARQ/LISTA_INFORM/OUTRAS_INFORM/CAPTA_RESGA_AMORTI/CAPT_MES/CLASSE_SENIOR[1],CLASSE_SENIOR,1,VL_TOTAL,DOC_ARQ/LISTA_INFORM/OUTRAS_INFORM/CAPTA_RESGA_AMORTI/CAPT_MES/CLASSE_SENIOR/VL_TOTAL,DOC_ARQ/LISTA_INFORM/OUTRAS_INFORM/CAPTA_RESGA_AMORTI/CAPT_MES/CLASSE_SENIOR[1]/VL_TOTAL,DOC_ARQ/LISTA_INFORM/OUTRAS_INFORM/CAPTA_RESGA_AMORTI/AMORT/CLASSE_SENIOR/VL_TOTAL,suffix_2,VALOR TOTAL DAS AMORTIZAÇÕES (CLASSE SENIOR) (Decimal com 2 casas),0.00,0.0,0.0,329,02/2026,20/04/2026 20:33,4,AC
1167008,02/2026,6.6,OUTRAS_INFORM,CAPTA_RESGA_AMORTI/CAPT_MES/CLASSE_SENIOR,DOC_ARQ/LISTA_INFORM/OUTRAS_INFORM/CAPTA_RESGA_AMORTI/CAPT_MES/CLASSE_SENIOR,DOC_ARQ/LISTA_INFORM/OUTRAS_INFORM/CAPTA_RESGA_AMORTI/CAPT_MES/CLASSE_SENIOR[1],CLASSE_SENIOR,1,QT_COTAS,DOC_ARQ/LISTA_INFORM/OUTRAS_INFORM/CAPTA_RESGA_AMORTI/CAPT_MES/CLASSE_SENIOR/QT_COTAS,DOC_ARQ/LISTA_INFORM/OUTRAS_INFORM/CAPTA_RESGA_AMORTI/CAPT_MES/CLASSE_SENIOR[1]/QT_COTAS,DOC_ARQ/LISTA_INFORM/OUTRAS_INFORM/CAPTA_RESGA_AMORTI/CAPT_MES/CLASSE_SENIOR/QT_COTAS,exact,QUANTIDADE DE COTAS EMITIDAS (CLASSE SENIOR) (Decimal com até 8 casas),0.00,0.0,0.0,330,02/2026,20/04/2026 20:33,4,AC
1167008,02/2026,6.6,OUTRAS_INFORM,CAPTA_RESGA_AMORTI/CAPT_MES/CLASSE_SENIOR,DOC_ARQ/LISTA_INFORM/OUTRAS_INFORM/CAPTA_RESGA_AMORTI/CAPT_MES/CLASSE_SENIOR,DOC_ARQ/LISTA_INFORM/OUTRAS_INFORM/CAPTA_RESGA_AMORTI/CAPT_MES/CLASSE_SENIOR[2],CLASSE_SENIOR,2,SERIE,DOC_ARQ/LISTA_INFORM/OUTRAS_INFORM/CAPTA_RESGA_AMORTI/CAPT_MES/CLASSE_SENIOR/SERIE,DOC_ARQ/LISTA_INFORM/OUTRAS_INFORM/CAPTA_RESGA_AMORTI/CAPT_MES/CLASSE_SENIOR[2]/SERIE,,,,Série 2,,Série 2,331,02/2026,20/04/2026 20:33,4,AC
1167008,02/2026,6.6,OUTRAS_INFORM,CAPTA_RESGA_AMORTI/CAPT_MES/CLASSE_SENIOR,DOC_ARQ/LISTA_INFORM/OUTRAS_INFORM/CAPTA_RESGA_AMORTI/CAPT_MES/CLASSE_SENIOR,DOC_ARQ/LISTA_INFORM/OUTRAS_INFORM/CAPTA_RESGA_AMORTI/CAPT_MES/CLASSE_SENIOR[2],CLASSE_SENIOR,2,VL_TOTAL,DOC_ARQ/LISTA_INFORM/OUTRAS_INFORM/CAPTA_RESGA_AMORTI/CAPT_MES/CLASSE_SENIOR/VL_TOTAL,DOC_ARQ/LISTA_INFORM/OUTRAS_INFORM/CAPTA_RESGA_AMORTI/CAPT_MES/CLASSE_SENIOR[2]/VL_TOTAL,DOC_ARQ/LISTA_INFORM/OUTRAS_INFORM/CAPTA_RESGA_AMORTI/AMORT/CLASSE_SENIOR/VL_TOTAL,suffix_2,VALOR TOTAL DAS AMORTIZAÇÕES (CLASSE SENIOR) (Decimal com 2 casas),0.00,0.0,0.0,332,02/2026,20/04/2026 20:33,4,AC
1167008,02/2026,6.6,OUTRAS_INFORM,CAPTA_RESGA_AMORTI/CAPT_MES/CLASSE_SENIOR,DOC_ARQ/LISTA_INFORM/OUTRAS_INFORM/CAPTA_RESGA_AMORTI/CAPT_MES/CLASSE_SENIOR,DOC_ARQ/LISTA_INFORM/OUTRAS_INFORM/CAPTA_RESGA_AMORTI/CAPT_MES/CLASSE_SENIOR[2],CLASSE_SENIOR,2,QT_COTAS,DOC_ARQ/LISTA_INFORM/OUTRAS_INFORM/CAPTA_RESGA_AMORTI/CAPT_MES/CLASSE_SENIOR/QT_COTAS,DOC_ARQ/LISTA_INFORM/OUTRAS_INFORM/CAPTA_RESGA_AMORTI/CAPT_MES/CLASSE_SENIOR[2]/QT_COTAS,DOC_ARQ/LISTA_INFORM/OUTRAS_INFORM/CAPTA_RESGA_AMORTI/CAPT_MES/CLASSE_SENIOR/QT_COTAS,exact,QUANTIDADE DE COTAS EMITIDAS (CLASSE SENIOR) (Decimal com até 8 casas),0.00,0.0,0.0,333,02/2026,20/04/2026 20:33,4,AC
1167008,02/2026,6.6,OUTRAS_INFORM,CAPTA_RESGA_AMORTI/RESG_MES/CLASSE_SENIOR,DOC_ARQ/LISTA_INFORM/OUTRAS_INFORM/CAPTA_RESGA_AMORTI/RESG_MES/CLASSE_SENIOR,DOC_ARQ/LISTA_INFORM/OUTRAS_INFORM/CAPTA_RESGA_AMORTI/RESG_MES/CLASSE_SENIOR[1],CLASSE_SENIOR,1,SERIE,DOC_ARQ/LISTA_INFORM/OUTRAS_INFORM/CAPTA_RESGA_AMORTI/RESG_MES/CLASSE_SENIOR/SERIE,DOC_ARQ/LISTA_INFORM/OUTRAS_INFORM/CAPTA_RESGA_AMORTI/RESG_MES/CLASSE_SENIOR[1]/SERIE,,,,Série 1,,Série 1,337,02/2026,20/04/2026 20:33,4,AC
1167008,02/2026,6.6,OUTRAS_INFORM,CAPTA_RESGA_AMORTI/RESG_MES/CLASSE_SENIOR,DOC_ARQ/LISTA_INFORM/OUTRAS_INFORM/CAPTA_RESGA_AMORTI/RESG_MES/CLASSE_SENIOR,DOC_ARQ/LISTA_INFORM/OUTRAS_INFORM/CAPTA_RESGA_AMORTI/RESG_MES/CLASSE_SENIOR[1],CLASSE_SENIOR,1,VL_TOTAL,DOC_ARQ/LISTA_INFORM/OUTRAS_INFORM/CAPTA_RESGA_AMORTI/RESG_MES/CLASSE_SENIOR/VL_TOTAL,DOC_ARQ/LISTA_INFORM/OUTRAS_INFORM/CAPTA_RESGA_AMORTI/RESG_MES/CLASSE_SENIOR[1]/VL_TOTAL,DOC_ARQ/LISTA_INFORM/OUTRAS_INFORM/CAPTA_RESGA_AMORTI/AMORT/CLASSE_SENIOR/VL_TOTAL,suffix_2,VALOR TOTAL DAS AMORTIZAÇÕES (CLASSE SENIOR) (Decimal com 2 casas),0.00,0.0,0.0,338,02/2026,20/04/2026 20:33,4,AC
1167008,02/2026,6.6,OUTRAS_INFORM,CAPTA_RESGA_AMORTI/RESG_MES/CLASSE_SENIOR,DOC_ARQ/LISTA_INFORM/OUTRAS_INFORM/CAPTA_RESGA_AMORTI/RESG_MES/CLASSE_SENIOR,DOC_ARQ/LISTA_INFORM/OUTRAS_INFORM/CAPTA_RESGA_AMORTI/RESG_MES/CLASSE_SENIOR[1],CLASSE_SENIOR,1,QT_COTAS,DOC_ARQ/LISTA_INFORM/OUTRAS_INFORM/CAPTA_RESGA_AMORTI/RESG_MES/CLASSE_SENIOR/QT_COTAS,DOC_ARQ/LISTA_INFORM/OUTRAS_INFORM/CAPTA_RESGA_AMORTI/RESG_MES/CLASSE_SENIOR[1]/QT_COTAS,DOC_ARQ/LISTA_INFORM/OUTRAS_INFORM/CAPTA_RESGA_AMORTI/RESG_MES/CLASSE_SENIOR/QT_COTAS,exact,QUANTIDADE DE COTAS RESGATADAS (CLASSE SENIOR) (Decimal com até 8 casas),0.00,0.0,0.0,339,02/2026,20/04/2026 20:33,4,AC
1167008,02/2026,6.6,OUTRAS_INFORM,CAPTA_RESGA_AMORTI/RESG_MES/CLASSE_SENIOR,DOC_ARQ/LISTA_INFORM/OUTRAS_INFORM/CAPTA_RESGA_AMORTI/RESG_MES/CLASSE_SENIOR,DOC_ARQ/LISTA_INFORM/OUTRAS_INFORM/CAPTA_RESGA_AMORTI/RESG_MES/CLASSE_SENIOR[2],CLASSE_SENIOR,2,SERIE,DOC_ARQ/LISTA_INFORM/OUTRAS_INFORM/CAPTA_RESGA_AMORTI/RESG_MES/CLASSE_SENIOR/SERIE,DOC_ARQ/LISTA_INFORM/OUTRAS_INFORM/CAPTA_RESGA_AMORTI/RESG_MES/CLASSE_SENIOR[2]/SERIE,,,,Série 2,,Série 2,340,02/2026,20/04/2026 20:33,4,AC
1167008,02/2026,6.6,OUTRAS_INFORM,CAPTA_RESGA_AMORTI/RESG_MES/CLASSE_SENIOR,DOC_ARQ/LISTA_INFORM/OUTRAS_INFORM/CAPTA_RESGA_AMORTI/RESG_MES/CLASSE_SENIOR,DOC_ARQ/LISTA_INFORM/OUTRAS_INFORM/CAPTA_RESGA_AMORTI/RESG_MES/CLASSE_SENIOR[2],CLASSE_SENIOR,2,VL_TOTAL,DOC_ARQ/LISTA_INFORM/OUTRAS_INFORM/CAPTA_RESGA_AMORTI/RESG_MES/CLASSE_SENIOR/VL_TOTAL,DOC_ARQ/LISTA_INFORM/OUTRAS_INFORM/CAPTA_RESGA_AMORTI/RESG_MES/CLASSE_SENIOR[2]/VL_TOTAL,DOC_ARQ/LISTA_INFORM/OUTRAS_INFORM/CAPTA_RESGA_AMORTI/AMORT/CLASSE_SENIOR/VL_TOTAL,suffix_2,VALOR TOTAL DAS AMORTIZAÇÕES (CLASSE SENIOR) (Decimal com 2 casas),0.00,0.0,0.0,341,02/2026,20/04/2026 20:33,4,AC
1167008,02/2026,6.6,OUTRAS_INFORM,CAPTA_RESGA_AMORTI/RESG_MES/CLASSE_SENIOR,DOC_ARQ/LISTA_INFORM/OUTRAS_INFORM/CAPTA_RESGA_AMORTI/RESG_MES/CLASSE_SENIOR,DOC_ARQ/LISTA_INFORM/OUTRAS_INFORM/CAPTA_RESGA_AMORTI/RESG_MES/CLASSE_SENIOR[2],CLASSE_SENIOR,2,QT_COTAS,DOC_ARQ/LISTA_INFORM/OUTRAS_INFORM/CAPTA_RESGA_AMORTI/RESG_MES/CLASSE_SENIOR/QT_COTAS,DOC_ARQ/LISTA_INFORM/OUTRAS_INFORM/CAPTA_RESGA_AMORTI/RESG_MES/CLASSE_SENIOR[2]/QT_COTAS,DOC_ARQ/LISTA_INFORM/OUTRAS_INFORM/CAPTA_RESGA_AMORTI/RESG_MES/CLASSE_SENIOR/QT_COTAS,exact,QUANTIDADE DE COTAS RESGATADAS (CLASSE SENIOR) (Decimal com até 8 casas),0.00,0.0,0.0,342,02/2026,20/04/2026 20:33,4,AC
1167008,02/2026,6.6,OUTRAS_INFORM,CAPTA_RESGA_AMORTI/RESG_SOLIC/CLASSE_SENIOR,DOC_ARQ/LISTA_INFORM/OUTRAS_INFORM/CAPTA_RESGA_AMORTI/RESG_SOLIC/CLASSE_SENIOR,DOC_ARQ/LISTA_INFORM/OUTRAS_INFORM/CAPTA_RESGA_AMORTI/RESG_SOLIC/CLASSE_SENIOR[1],CLASSE_SENIOR,1,SERIE,DOC_ARQ/LISTA_INFORM/OUTRAS_INFORM/CAPTA_RESGA_AMORTI/RESG_SOLIC/CLASSE_SENIOR/SERIE,DOC_ARQ/LISTA_INFORM/OUTRAS_INFORM/CAPTA_RESGA_AMORTI/RESG_SOLIC/CLASSE_SENIOR[1]/SERIE,,,,Série 1,,Série 1,346,02/2026,20/04/2026 20:33,4,AC
1167008,02/2026,6.6,OUTRAS_INFORM,CAPTA_RESGA_AMORTI/RESG_SOLIC/CLASSE_SENIOR,DOC_ARQ/LISTA_INFORM/OUTRAS_INFORM/CAPTA_RESGA_AMORTI/RESG_SOLIC/CLASSE_SENIOR,DOC_ARQ/LISTA_INFORM/OUTRAS_INFORM/CAPTA_RESGA_AMORTI/RESG_SOLIC/CLASSE_SENIOR[1],CLASSE_SENIOR,1,VL_PAGO,DOC_ARQ/LISTA_INFORM/OUTRAS_INFORM/CAPTA_RESGA_AMORTI/RESG_SOLIC/CLASSE_SENIOR/VL_PAGO,DOC_ARQ/LISTA_INFORM/OUTRAS_INFORM/CAPTA_RESGA_AMORTI/RESG_SOLIC/CLASSE_SENIOR[1]/VL_PAGO,,,,0.00,0.0,0.0,347,02/2026,20/04/2026 20:33,4,AC
1167008,02/2026,6.6,OUTRAS_INFORM,CAPTA_RESGA_AMORTI/RESG_SOLIC/CLASSE_SENIOR,DOC_ARQ/LISTA_INFORM/OUTRAS_INFORM/CAPTA_RESGA_AMORTI/RESG_SOLIC/CLASSE_SENIOR,DOC_ARQ/LISTA_INFORM/OUTRAS_INFORM/CAPTA_RESGA_AMORTI/RESG_SOLIC/CLASSE_SENIOR[1],CLASSE_SENIOR,1,QT_COTAS,DOC_ARQ/LISTA_INFORM/OUTRAS_INFORM/CAPTA_RESGA_AMORTI/RESG_SOLIC/CLASSE_SENIOR/QT_COTAS,DOC_ARQ/LISTA_INFORM/OUTRAS_INFORM/CAPTA_RESGA_AMORTI/RESG_SOLIC/CLASSE_SENIOR[1]/QT_COTAS,DOC_ARQ/LISTA_INFORM/OUTRAS_INFORM/CAPTA_RESGA_AMORTI/RESG_SOLIC/CLASSE_SENIOR/QT_COTAS,exact,QUANTIDADE DE COTAS A SEREM RESGATADAS (CLASSE SENIOR) (Decimal com até 8 casas),0.00,0.0,0.0,348,02/2026,20/04/2026 20:33,4,AC
1167008,02/2026,6.6,OUTRAS_INFORM,CAPTA_RESGA_AMORTI/RESG_SOLIC/CLASSE_SENIOR,DOC_ARQ/LISTA_INFORM/OUTRAS_INFORM/CAPTA_RESGA_AMORTI/RESG_SOLIC/CLASSE_SENIOR,DOC_ARQ/LISTA_INFORM/OUTRAS_INFORM/CAPTA_RESGA_AMORTI/RESG_SOLIC/CLASSE_SENIOR[2],CLASSE_SENIOR,2,SERIE,DOC_ARQ/LISTA_INFORM/OUTRAS_INFORM/CAPTA_RESGA_AMORTI/RESG_SOLIC/CLASSE_SENIOR/SERIE,DOC_ARQ/LISTA_INFORM/OUTRAS_INFORM/CAPTA_RESGA_AMORTI/RESG_SOLIC/CLASSE_SENIOR[2]/SERIE,,,,Série 2,,Série 2,349,02/2026,20/04/2026 20:33,4,AC
1167008,02/2026,6.6,OUTRAS_INFORM,CAPTA_RESGA_AMORTI/RESG_SOLIC/CLASSE_SENIOR,DOC_ARQ/LISTA_INFORM/OUTRAS_INFORM/CAPTA_RESGA_AMORTI/RESG_SOLIC/CLASSE_SENIOR,DOC_ARQ/LISTA_INFORM/OUTRAS_INFORM/CAPTA_RESGA_AMORTI/RESG_SOLIC/CLASSE_SENIOR[2],CLASSE_SENIOR,2,VL_PAGO,DOC_ARQ/LISTA_INFORM/OUTRAS_INFORM/CAPTA_RESGA_AMORTI/RESG_SOLIC/CLASSE_SENIOR/VL_PAGO,DOC_ARQ/LISTA_INFORM/OUTRAS_INFORM/CAPTA_RESGA_AMORTI/RESG_SOLIC/CLASSE_SENIOR[2]/VL_PAGO,,,,0.00,0.0,0.0,350,02/2026,20/04/2026 20:33,4,AC
1167008,02/2026,6.6,OUTRAS_INFORM,CAPTA_RESGA_AMORTI/RESG_SOLIC/CLASSE_SENIOR,DOC_ARQ/LISTA_INFORM/OUTRAS_INFORM/CAPTA_RESGA_AMORTI/RESG_SOLIC/CLASSE_SENIOR,DOC_ARQ/LISTA_INFORM/OUTRAS_INFORM/CAPTA_RESGA_AMORTI/RESG_SOLIC/CLASSE_SENIOR[2],CLASSE_SENIOR,2,QT_COTAS,DOC_ARQ/LISTA_INFORM/OUTRAS_INFORM/CAPTA_RESGA_AMORTI/RESG_SOLIC/CLASSE_SENIOR/QT_COTAS,DOC_ARQ/LISTA_INFORM/OUTRAS_INFORM/CAPTA_RESGA_AMORTI/RESG_SOLIC/CLASSE_SENIOR[2]/QT_COTAS,DOC_ARQ/LISTA_INFORM/OUTRAS_INFORM/CAPTA_RESGA_AMORTI/RESG_SOLIC/CLASSE_SENIOR/QT_COTAS,exact,QUANTIDADE DE COTAS A SEREM RESGATADAS (CLASSE SENIOR) (Decimal com até 8 casas),0.00,0.0,0.0,351,02/2026,20/04/2026 20:33,4,AC
1167008,02/2026,6.6,OUTRAS_INFORM,CAPTA_RESGA_AMORTI/AMORT/CLASSE_SENIOR,DOC_ARQ/LISTA_INFORM/OUTRAS_INFORM/CAPTA_RESGA_AMORTI/AMORT/CLASSE_SENIOR,DOC_ARQ/LISTA_INFORM/OUTRAS_INFORM/CAPTA_RESGA_AMORTI/AMORT/CLASSE_SENIOR[1],CLASSE_SENIOR,1,SERIE,DOC_ARQ/LISTA_INFORM/OUTRAS_INFORM/CAPTA_RESGA_AMORTI/AMORT/CLASSE_SENIOR/SERIE,DOC_ARQ/LISTA_INFORM/OUTRAS_INFORM/CAPTA_RESGA_AMORTI/AMORT/CLASSE_SENIOR[1]/SERIE,,,,Série 1,,Série 1,355,02/2026,20/04/2026 20:33,4,AC
1167008,02/2026,6.6,OUTRAS_INFORM,CAPTA_RESGA_AMORTI/AMORT/CLASSE_SENIOR,DOC_ARQ/LISTA_INFORM/OUTRAS_INFORM/CAPTA_RESGA_AMORTI/AMORT/CLASSE_SENIOR,DOC_ARQ/LISTA_INFORM/OUTRAS_INFORM/CAPTA_RESGA_AMORTI/AMORT/CLASSE_SENIOR[1],CLASSE_SENIOR,1,VL_COTA,DOC_ARQ/LISTA_INFORM/OUTRAS_INFORM/CAPTA_RESGA_AMORTI/AMORT/CLASSE_SENIOR/VL_COTA,DOC_ARQ/LISTA_INFORM/OUTRAS_INFORM/CAPTA_RESGA_AMORTI/AMORT/CLASSE_SENIOR[1]/VL_COTA,DOC_ARQ/LISTA_INFORM/OUTRAS_INFORM/CAPTA_RESGA_AMORTI/AMORT/CLASSE_SENIOR/VL_COTA,exact,VALOR AMORTIZADO POR COTA (CLASSE SENIOR) (Decimal com até 8 casas),12.448225216445405,12.448225216445405,12.448225216445405,356,02/2026,20/04/2026 20:33,4,AC
1167008,02/2026,6.6,OUTRAS_INFORM,CAPTA_RESGA_AMORTI/AMORT/CLASSE_SENIOR,DOC_ARQ/LISTA_INFORM/OUTRAS_INFORM/CAPTA_RESGA_AMORTI/AMORT/CLASSE_SENIOR,DOC_ARQ/LISTA_INFORM/OUTRAS_INFORM/CAPTA_RESGA_AMORTI/AMORT/CLASSE_SENIOR[1],CLASSE_SENIOR,1,VL_TOTAL,DOC_ARQ/LISTA_INFORM/OUTRAS_INFORM/CAPTA_RESGA_AMORTI/AMORT/CLASSE_SENIOR/VL_TOTAL,DOC_ARQ/LISTA_INFORM/OUTRAS_INFORM/CAPTA_RESGA_AMORTI/AMORT/CLASSE_SENIOR[1]/VL_TOTAL,DOC_ARQ/LISTA_INFORM/OUTRAS_INFORM/CAPTA_RESGA_AMORTI/AMORT/CLASSE_SENIOR/VL_TOTAL,exact,VALOR TOTAL DAS AMORTIZAÇÕES (CLASSE SENIOR) (Decimal com 2 casas),3631463.46,3631463.46,3631463.46,357,02/2026,20/04/2026 20:33,4,AC
1167008,02/2026,6.6,OUTRAS_INFORM,CAPTA_RESGA_AMORTI/AMORT/CLASSE_SENIOR,DOC_ARQ/LISTA_INFORM/OUTRAS_INFORM/CAPTA_RESGA_AMORTI/AMORT/CLASSE_SENIOR,DOC_ARQ/LISTA_INFORM/OUTRAS_INFORM/CAPTA_RESGA_AMORTI/AMORT/CLASSE_SENIOR[2],CLASSE_SENIOR,2,SERIE,DOC_ARQ/LISTA_INFORM/OUTRAS_INFORM/CAPTA_RESGA_AMORTI/AMORT/CLASSE_SENIOR/SERIE,DOC_ARQ/LISTA_INFORM/OUTRAS_INFORM/CAPTA_RESGA_AMORTI/AMORT/CLASSE_SENIOR[2]/SERIE,,,,Série 2,,Série 2,358,02/2026,20/04/2026 20:33,4,AC
1167008,02/2026,6.6,OUTRAS_INFORM,CAPTA_RESGA_AMORTI/AMORT/CLASSE_SENIOR,DOC_ARQ/LISTA_INFORM/OUTRAS_INFORM/CAPTA_RESGA_AMORTI/AMORT/CLASSE_SENIOR,DOC_ARQ/LISTA_INFORM/OUTRAS_INFORM/CAPTA_RESGA_AMORTI/AMORT/CLASSE_SENIOR[2],CLASSE_SENIOR,2,VL_COTA,DOC_ARQ/LISTA_INFORM/OUTRAS_INFORM/CAPTA_RESGA_AMORTI/AMORT/CLASSE_SENIOR/VL_COTA,DOC_ARQ/LISTA_INFORM/OUTRAS_INFORM/CAPTA_RESGA_AMORTI/AMORT/CLASSE_SENIOR[2]/VL_COTA,DOC_ARQ/LISTA_INFORM/OUTRAS_INFORM/CAPTA_RESGA_AMORTI/AMORT/CLASSE_SENIOR/VL_COTA,exact,VALOR AMORTIZADO POR COTA (CLASSE SENIOR) (Decimal com até 8 casas),0.00,0.0,0.0,359,02/2026,20/04/2026 20:33,4,AC
1167008,02/2026,6.6,OUTRAS_INFORM,CAPTA_RESGA_AMORTI/AMORT/CLASSE_SENIOR,DOC_ARQ/LISTA_INFORM/OUTRAS_INFORM/CAPTA_RESGA_AMORTI/AMORT/CLASSE_SENIOR,DOC_ARQ/LISTA_INFORM/OUTRAS_INFORM/CAPTA_RESGA_AMORTI/AMORT/CLASSE_SENIOR[2],CLASSE_SENIOR,2,VL_TOTAL,DOC_ARQ/LISTA_INFORM/OUTRAS_INFORM/CAPTA_RESGA_AMORTI/AMORT/CLASSE_SENIOR/VL_TOTAL,DOC_ARQ/LISTA_INFORM/OUTRAS_INFORM/CAPTA_RESGA_AMORTI/AMORT/CLASSE_SENIOR[2]/VL_TOTAL,DOC_ARQ/LISTA_INFORM/OUTRAS_INFORM/CAPTA_RESGA_AMORTI/AMORT/CLASSE_SENIOR/VL_TOTAL,exact,VALOR TOTAL DAS AMORTIZAÇÕES (CLASSE SENIOR) (Decimal com 2 casas),0.00,0.0,0.0,360,02/2026,20/04/2026 20:33,4,AC
1167006,03/2026,6.6,OUTRAS_INFORM,NUM_COTISTAS/CLASSE_SENIOR,DOC_ARQ/LISTA_INFORM/OUTRAS_INFORM/NUM_COTISTAS/CLASSE_SENIOR,DOC_ARQ/LISTA_INFORM/OUTRAS_INFORM/NUM_COTISTAS/CLASSE_SENIOR[1],CLASSE_SENIOR,1,SERIE,DOC_ARQ/LISTA_INFORM/OUTRAS_INFORM/NUM_COTISTAS/CLASSE_SENIOR/SERIE,DOC_ARQ/LISTA_INFORM/OUTRAS_INFORM/NUM_COTISTAS/CLASSE_SENIOR[1]/SERIE,,,,Série 1,,Série 1,280,03/2026,20/04/2026 20:32,3,AC
1167006,03/2026,6.6,OUTRAS_INFORM,NUM_COTISTAS/CLASSE_SENIOR,DOC_ARQ/LISTA_INFORM/OUTRAS_INFORM/NUM_COTISTAS/CLASSE_SENIOR,DOC_ARQ/LISTA_INFORM/OUTRAS_INFORM/NUM_COTISTAS/CLASSE_SENIOR[1],CLASSE_SENIOR,1,ID_SUBCLASSE,DOC_ARQ/LISTA_INFORM/OUTRAS_INFORM/NUM_COTISTAS/CLASSE_SENIOR/ID_SUBCLASSE,DOC_ARQ/LISTA_INFORM/OUTRAS_INFORM/NUM_COTISTAS/CLASSE_SENIOR[1]/ID_SUBCLASSE,,,,QSD971746206177,,QSD971746206177,281,03/2026,20/04/2026 20:32,3,AC
1167006,03/2026,6.6,OUTRAS_INFORM,NUM_COTISTAS/CLASSE_SENIOR,DOC_ARQ/LISTA_INFORM/OUTRAS_INFORM/NUM_COTISTAS/CLASSE_SENIOR,DOC_ARQ/LISTA_INFORM/OUTRAS_INFORM/NUM_COTISTAS/CLASSE_SENIOR[1],CLASSE_SENIOR,1,QT_COTISTAS,DOC_ARQ/LISTA_INFORM/OUTRAS_INFORM/NUM_COTISTAS/CLASSE_SENIOR/QT_COTISTAS,DOC_ARQ/LISTA_INFORM/OUTRAS_INFORM/NUM_COTISTAS/CLASSE_SENIOR[1]/QT_COTISTAS,,,,8,8.0,8.0,282,03/2026,20/04/2026 20:32,3,AC
1167006,03/2026,6.6,OUTRAS_INFORM,NUM_COTISTAS/CLASSE_SENIOR,DOC_ARQ/LISTA_INFORM/OUTRAS_INFORM/NUM_COTISTAS/CLASSE_SENIOR,DOC_ARQ/LISTA_INFORM/OUTRAS_INFORM/NUM_COTISTAS/CLASSE_SENIOR[2],CLASSE_SENIOR,2,SERIE,DOC_ARQ/LISTA_INFORM/OUTRAS_INFORM/NUM_COTISTAS/CLASSE_SENIOR/SERIE,DOC_ARQ/LISTA_INFORM/OUTRAS_INFORM/NUM_COTISTAS/CLASSE_SENIOR[2]/SERIE,,,,Série 2,,Série 2,283,03/2026,20/04/2026 20:32,3,AC
1167006,03/2026,6.6,OUTRAS_INFORM,NUM_COTISTAS/CLASSE_SENIOR,DOC_ARQ/LISTA_INFORM/OUTRAS_INFORM/NUM_COTISTAS/CLASSE_SENIOR,DOC_ARQ/LISTA_INFORM/OUTRAS_INFORM/NUM_COTISTAS/CLASSE_SENIOR[2],CLASSE_SENIOR,2,ID_SUBCLASSE,DOC_ARQ/LISTA_INFORM/OUTRAS_INFORM/NUM_COTISTAS/CLASSE_SENIOR/ID_SUBCLASSE,DOC_ARQ/LISTA_INFORM/OUTRAS_INFORM/NUM_COTISTAS/CLASSE_SENIOR[2]/ID_SUBCLASSE,,,,CUZJI1772649537,,CUZJI1772649537,284,03/2026,20/04/2026 20:32,3,AC
1167006,03/2026,6.6,OUTRAS_INFORM,NUM_COTISTAS/CLASSE_SENIOR,DOC_ARQ/LISTA_INFORM/OUTRAS_INFORM/NUM_COTISTAS/CLASSE_SENIOR,DOC_ARQ/LISTA_INFORM/OUTRAS_INFORM/NUM_COTISTAS/CLASSE_SENIOR[2],CLASSE_SENIOR,2,QT_COTISTAS,DOC_ARQ/LISTA_INFORM/OUTRAS_INFORM/NUM_COTISTAS/CLASSE_SENIOR/QT_COTISTAS,DOC_ARQ/LISTA_INFORM/OUTRAS_INFORM/NUM_COTISTAS/CLASSE_SENIOR[2]/QT_COTISTAS,,,,1,1.0,1.0,285,03/2026,20/04/2026 20:32,3,AC
1167006,03/2026,6.6,OUTRAS_INFORM,DESC_SERIE_CLASSE/DESC_SERIE_CLASSE_SENIOR,DOC_ARQ/LISTA_INFORM/OUTRAS_INFORM/DESC_SERIE_CLASSE/DESC_SERIE_CLASSE_SENIOR,DOC_ARQ/LISTA_INFORM/OUTRAS_INFORM/DESC_SERIE_CLASSE/DESC_SERIE_CLASSE_SENIOR[1],DESC_SERIE_CLASSE_SENIOR,1,SERIE,DOC_ARQ/LISTA_INFORM/OUTRAS_INFORM/DESC_SERIE_CLASSE/DESC_SERIE_CLASSE_SENIOR/SERIE,DOC_ARQ/LISTA_INFORM/OUTRAS_INFORM/DESC_SERIE_CLASSE/DESC_SERIE_CLASSE_SENIOR[1]/SERIE,,,,Série 1,,Série 1,321,03/2026,20/04/2026 20:32,3,AC
1167006,03/2026,6.6,OUTRAS_INFORM,DESC_SERIE_CLASSE/DESC_SERIE_CLASSE_SENIOR,DOC_ARQ/LISTA_INFORM/OUTRAS_INFORM/DESC_SERIE_CLASSE/DESC_SERIE_CLASSE_SENIOR,DOC_ARQ/LISTA_INFORM/OUTRAS_INFORM/DESC_SERIE_CLASSE/DESC_SERIE_CLASSE_SENIOR[1],DESC_SERIE_CLASSE_SENIOR,1,QT_COTAS,DOC_ARQ/LISTA_INFORM/OUTRAS_INFORM/DESC_SERIE_CLASSE/DESC_SERIE_CLASSE_SENIOR/QT_COTAS,DOC_ARQ/LISTA_INFORM/OUTRAS_INFORM/DESC_SERIE_CLASSE/DESC_SERIE_CLASSE_SENIOR[1]/QT_COTAS,DOC_ARQ/LISTA_INFORM/OUTRAS_INFORM/DESC_SERIE_CLASSE/DESC_SERIE_CLASSE_SENIOR/QT_COTAS,exact,QUANTIDADE DE COTAS (Decimal com até 8 casas),291725.39834855,291725.39834855,291725.39834855,322,03/2026,20/04/2026 20:32,3,AC
1167006,03/2026,6.6,OUTRAS_INFORM,DESC_SERIE_CLASSE/DESC_SERIE_CLASSE_SENIOR,DOC_ARQ/LISTA_INFORM/OUTRAS_INFORM/DESC_SERIE_CLASSE/DESC_SERIE_CLASSE_SENIOR,DOC_ARQ/LISTA_INFORM/OUTRAS_INFORM/DESC_SERIE_CLASSE/DESC_SERIE_CLASSE_SENIOR[1],DESC_SERIE_CLASSE_SENIOR,1,VL_COTAS,DOC_ARQ/LISTA_INFORM/OUTRAS_INFORM/DESC_SERIE_CLASSE/DESC_SERIE_CLASSE_SENIOR/VL_COTAS,DOC_ARQ/LISTA_INFORM/OUTRAS_INFORM/DESC_SERIE_CLASSE/DESC_SERIE_CLASSE_SENIOR[1]/VL_COTAS,DOC_ARQ/LISTA_INFORM/OUTRAS_INFORM/DESC_SERIE_CLASSE/DESC_SERIE_CLASSE_SENIOR/VL_COTAS,exact,VALOR DA COTA (R$) (Decimal com até 8 casas),1028.36435117817,1028.36435117817,1028.36435117817,323,03/2026,20/04/2026 20:32,3,AC
1167006,03/2026,6.6,OUTRAS_INFORM,DESC_SERIE_CLASSE/DESC_SERIE_CLASSE_SENIOR,DOC_ARQ/LISTA_INFORM/OUTRAS_INFORM/DESC_SERIE_CLASSE/DESC_SERIE_CLASSE_SENIOR,DOC_ARQ/LISTA_INFORM/OUTRAS_INFORM/DESC_SERIE_CLASSE/DESC_SERIE_CLASSE_SENIOR[2],DESC_SERIE_CLASSE_SENIOR,2,SERIE,DOC_ARQ/LISTA_INFORM/OUTRAS_INFORM/DESC_SERIE_CLASSE/DESC_SERIE_CLASSE_SENIOR/SERIE,DOC_ARQ/LISTA_INFORM/OUTRAS_INFORM/DESC_SERIE_CLASSE/DESC_SERIE_CLASSE_SENIOR[2]/SERIE,,,,Série 2,,Série 2,324,03/2026,20/04/2026 20:32,3,AC
1167006,03/2026,6.6,OUTRAS_INFORM,DESC_SERIE_CLASSE/DESC_SERIE_CLASSE_SENIOR,DOC_ARQ/LISTA_INFORM/OUTRAS_INFORM/DESC_SERIE_CLASSE/DESC_SERIE_CLASSE_SENIOR,DOC_ARQ/LISTA_INFORM/OUTRAS_INFORM/DESC_SERIE_CLASSE/DESC_SERIE_CLASSE_SENIOR[2],DESC_SERIE_CLASSE_SENIOR,2,QT_COTAS,DOC_ARQ/LISTA_INFORM/OUTRAS_INFORM/DESC_SERIE_CLASSE/DESC_SERIE_CLASSE_SENIOR/QT_COTAS,DOC_ARQ/LISTA_INFORM/OUTRAS_INFORM/DESC_SERIE_CLASSE/DESC_SERIE_CLASSE_SENIOR[2]/QT_COTAS,DOC_ARQ/LISTA_INFORM/OUTRAS_INFORM/DESC_SERIE_CLASSE/DESC_SERIE_CLASSE_SENIOR/QT_COTAS,exact,QUANTIDADE DE COTAS (Decimal com até 8 casas),199242.87707,199242.87707,199242.87707,325,03/2026,20/04/2026 20:32,3,AC
1167006,03/2026,6.6,OUTRAS_INFORM,DESC_SERIE_CLASSE/DESC_SERIE_CLASSE_SENIOR,DOC_ARQ/LISTA_INFORM/OUTRAS_INFORM/DESC_SERIE_CLASSE/DESC_SERIE_CLASSE_SENIOR,DOC_ARQ/LISTA_INFORM/OUTRAS_INFORM/DESC_SERIE_CLASSE/DESC_SERIE_CLASSE_SENIOR[2],DESC_SERIE_CLASSE_SENIOR,2,VL_COTAS,DOC_ARQ/LISTA_INFORM/OUTRAS_INFORM/DESC_SERIE_CLASSE/DESC_SERIE_CLASSE_SENIOR/VL_COTAS,DOC_ARQ/LISTA_INFORM/OUTRAS_INFORM/DESC_SERIE_CLASSE/DESC_SERIE_CLASSE_SENIOR[2]/VL_COTAS,DOC_ARQ/LISTA_INFORM/OUTRAS_INFORM/DESC_SERIE_CLASSE/DESC_SERIE_CLASSE_SENIOR/VL_COTAS,exact,VALOR DA COTA (R$) (Decimal com até 8 casas),1012.34888097272,1012.34888097272,1012.34888097272,326,03/2026,20/04/2026 20:32,3,AC
1167006,03/2026,6.6,OUTRAS_INFORM,RENT_MES/RENT_CLASSE_SENIOR,DOC_ARQ/LISTA_INFORM/OUTRAS_INFORM/RENT_MES/RENT_CLASSE_SENIOR,DOC_ARQ/LISTA_INFORM/OUTRAS_INFORM/RENT_MES/RENT_CLASSE_SENIOR[1],RENT_CLASSE_SENIOR,1,SERIE,DOC_ARQ/LISTA_INFORM/OUTRAS_INFORM/RENT_MES/RENT_CLASSE_SENIOR/SERIE,DOC_ARQ/LISTA_INFORM/OUTRAS_INFORM/RENT_MES/RENT_CLASSE_SENIOR[1]/SERIE,,,,Série 1,,Série 1,330,03/2026,20/04/2026 20:32,3,AC
1167006,03/2026,6.6,OUTRAS_INFORM,RENT_MES/RENT_CLASSE_SENIOR,DOC_ARQ/LISTA_INFORM/OUTRAS_INFORM/RENT_MES/RENT_CLASSE_SENIOR,DOC_ARQ/LISTA_INFORM/OUTRAS_INFORM/RENT_MES/RENT_CLASSE_SENIOR[1],RENT_CLASSE_SENIOR,1,PR_APURADA,DOC_ARQ/LISTA_INFORM/OUTRAS_INFORM/RENT_MES/RENT_CLASSE_SENIOR/PR_APURADA,DOC_ARQ/LISTA_INFORM/OUTRAS_INFORM/RENT_MES/RENT_CLASSE_SENIOR[1]/PR_APURADA,DOC_ARQ/LISTA_INFORM/OUTRAS_INFORM/RENT_MES/RENT_CLASSE_SENIOR/PR_APURADA,exact,"VALOR DA TAXA EM PERCENTUAL DE CADA SERIE DA CLASSE SÊNIOR N(EX. 9,0 E NÃO 0,09)",0.00,0.0,0.0,331,03/2026,20/04/2026 20:32,3,AC
1167006,03/2026,6.6,OUTRAS_INFORM,RENT_MES/RENT_CLASSE_SENIOR,DOC_ARQ/LISTA_INFORM/OUTRAS_INFORM/RENT_MES/RENT_CLASSE_SENIOR,DOC_ARQ/LISTA_INFORM/OUTRAS_INFORM/RENT_MES/RENT_CLASSE_SENIOR[2],RENT_CLASSE_SENIOR,2,SERIE,DOC_ARQ/LISTA_INFORM/OUTRAS_INFORM/RENT_MES/RENT_CLASSE_SENIOR/SERIE,DOC_ARQ/LISTA_INFORM/OUTRAS_INFORM/RENT_MES/RENT_CLASSE_SENIOR[2]/SERIE,,,,Série 2,,Série 2,332,03/2026,20/04/2026 20:32,3,AC
1167006,03/2026,6.6,OUTRAS_INFORM,RENT_MES/RENT_CLASSE_SENIOR,DOC_ARQ/LISTA_INFORM/OUTRAS_INFORM/RENT_MES/RENT_CLASSE_SENIOR,DOC_ARQ/LISTA_INFORM/OUTRAS_INFORM/RENT_MES/RENT_CLASSE_SENIOR[2],RENT_CLASSE_SENIOR,2,PR_APURADA,DOC_ARQ/LISTA_INFORM/OUTRAS_INFORM/RENT_MES/RENT_CLASSE_SENIOR/PR_APURADA,DOC_ARQ/LISTA_INFORM/OUTRAS_INFORM/RENT_MES/RENT_CLASSE_SENIOR[2]/PR_APURADA,DOC_ARQ/LISTA_INFORM/OUTRAS_INFORM/RENT_MES/RENT_CLASSE_SENIOR/PR_APURADA,exact,"VALOR DA TAXA EM PERCENTUAL DE CADA SERIE DA CLASSE SÊNIOR N(EX. 9,0 E NÃO 0,09)",1.23,1.23,1.23,333,03/2026,20/04/2026 20:32,3,AC
1167006,03/2026,6.6,OUTRAS_INFORM,CAPTA_RESGA_AMORTI/CAPT_MES/CLASSE_SENIOR,DOC_ARQ/LISTA_INFORM/OUTRAS_INFORM/CAPTA_RESGA_AMORTI/CAPT_MES/CLASSE_SENIOR,DOC_ARQ/LISTA_INFORM/OUTRAS_INFORM/CAPTA_RESGA_AMORTI/CAPT_MES/CLASSE_SENIOR[1],CLASSE_SENIOR,1,SERIE,DOC_ARQ/LISTA_INFORM/OUTRAS_INFORM/CAPTA_RESGA_AMORTI/CAPT_MES/CLASSE_SENIOR/SERIE,DOC_ARQ/LISTA_INFORM/OUTRAS_INFORM/CAPTA_RESGA_AMORTI/CAPT_MES/CLASSE_SENIOR[1]/SERIE,,,,Série 1,,Série 1,336,03/2026,20/04/2026 20:32,3,AC
1167006,03/2026,6.6,OUTRAS_INFORM,CAPTA_RESGA_AMORTI/CAPT_MES/CLASSE_SENIOR,DOC_ARQ/LISTA_INFORM/OUTRAS_INFORM/CAPTA_RESGA_AMORTI/CAPT_MES/CLASSE_SENIOR,DOC_ARQ/LISTA_INFORM/OUTRAS_INFORM/CAPTA_RESGA_AMORTI/CAPT_MES/CLASSE_SENIOR[1],CLASSE_SENIOR,1,VL_TOTAL,DOC_ARQ/LISTA_INFORM/OUTRAS_INFORM/CAPTA_RESGA_AMORTI/CAPT_MES/CLASSE_SENIOR/VL_TOTAL,DOC_ARQ/LISTA_INFORM/OUTRAS_INFORM/CAPTA_RESGA_AMORTI/CAPT_MES/CLASSE_SENIOR[1]/VL_TOTAL,DOC_ARQ/LISTA_INFORM/OUTRAS_INFORM/CAPTA_RESGA_AMORTI/AMORT/CLASSE_SENIOR/VL_TOTAL,suffix_2,VALOR TOTAL DAS AMORTIZAÇÕES (CLASSE SENIOR) (Decimal com 2 casas),0.00,0.0,0.0,337,03/2026,20/04/2026 20:32,3,AC
1167006,03/2026,6.6,OUTRAS_INFORM,CAPTA_RESGA_AMORTI/CAPT_MES/CLASSE_SENIOR,DOC_ARQ/LISTA_INFORM/OUTRAS_INFORM/CAPTA_RESGA_AMORTI/CAPT_MES/CLASSE_SENIOR,DOC_ARQ/LISTA_INFORM/OUTRAS_INFORM/CAPTA_RESGA_AMORTI/CAPT_MES/CLASSE_SENIOR[1],CLASSE_SENIOR,1,QT_COTAS,DOC_ARQ/LISTA_INFORM/OUTRAS_INFORM/CAPTA_RESGA_AMORTI/CAPT_MES/CLASSE_SENIOR/QT_COTAS,DOC_ARQ/LISTA_INFORM/OUTRAS_INFORM/CAPTA_RESGA_AMORTI/CAPT_MES/CLASSE_SENIOR[1]/QT_COTAS,DOC_ARQ/LISTA_INFORM/OUTRAS_INFORM/CAPTA_RESGA_AMORTI/CAPT_MES/CLASSE_SENIOR/QT_COTAS,exact,QUANTIDADE DE COTAS EMITIDAS (CLASSE SENIOR) (Decimal com até 8 casas),0.00,0.0,0.0,338,03/2026,20/04/2026 20:32,3,AC
1167006,03/2026,6.6,OUTRAS_INFORM,CAPTA_RESGA_AMORTI/CAPT_MES/CLASSE_SENIOR,DOC_ARQ/LISTA_INFORM/OUTRAS_INFORM/CAPTA_RESGA_AMORTI/CAPT_MES/CLASSE_SENIOR,DOC_ARQ/LISTA_INFORM/OUTRAS_INFORM/CAPTA_RESGA_AMORTI/CAPT_MES/CLASSE_SENIOR[2],CLASSE_SENIOR,2,SERIE,DOC_ARQ/LISTA_INFORM/OUTRAS_INFORM/CAPTA_RESGA_AMORTI/CAPT_MES/CLASSE_SENIOR/SERIE,DOC_ARQ/LISTA_INFORM/OUTRAS_INFORM/CAPTA_RESGA_AMORTI/CAPT_MES/CLASSE_SENIOR[2]/SERIE,,,,Série 2,,Série 2,339,03/2026,20/04/2026 20:32,3,AC
1167006,03/2026,6.6,OUTRAS_INFORM,CAPTA_RESGA_AMORTI/CAPT_MES/CLASSE_SENIOR,DOC_ARQ/LISTA_INFORM/OUTRAS_INFORM/CAPTA_RESGA_AMORTI/CAPT_MES/CLASSE_SENIOR,DOC_ARQ/LISTA_INFORM/OUTRAS_INFORM/CAPTA_RESGA_AMORTI/CAPT_MES/CLASSE_SENIOR[2],CLASSE_SENIOR,2,VL_TOTAL,DOC_ARQ/LISTA_INFORM/OUTRAS_INFORM/CAPTA_RESGA_AMORTI/CAPT_MES/CLASSE_SENIOR/VL_TOTAL,DOC_ARQ/LISTA_INFORM/OUTRAS_INFORM/CAPTA_RESGA_AMORTI/CAPT_MES/CLASSE_SENIOR[2]/VL_TOTAL,DOC_ARQ/LISTA_INFORM/OUTRAS_INFORM/CAPTA_RESGA_AMORTI/AMORT/CLASSE_SENIOR/VL_TOTAL,suffix_2,VALOR TOTAL DAS AMORTIZAÇÕES (CLASSE SENIOR) (Decimal com 2 casas),199242877.07,199242877.07,199242877.07,340,03/2026,20/04/2026 20:32,3,AC
1167006,03/2026,6.6,OUTRAS_INFORM,CAPTA_RESGA_AMORTI/CAPT_MES/CLASSE_SENIOR,DOC_ARQ/LISTA_INFORM/OUTRAS_INFORM/CAPTA_RESGA_AMORTI/CAPT_MES/CLASSE_SENIOR,DOC_ARQ/LISTA_INFORM/OUTRAS_INFORM/CAPTA_RESGA_AMORTI/CAPT_MES/CLASSE_SENIOR[2],CLASSE_SENIOR,2,QT_COTAS,DOC_ARQ/LISTA_INFORM/OUTRAS_INFORM/CAPTA_RESGA_AMORTI/CAPT_MES/CLASSE_SENIOR/QT_COTAS,DOC_ARQ/LISTA_INFORM/OUTRAS_INFORM/CAPTA_RESGA_AMORTI/CAPT_MES/CLASSE_SENIOR[2]/QT_COTAS,DOC_ARQ/LISTA_INFORM/OUTRAS_INFORM/CAPTA_RESGA_AMORTI/CAPT_MES/CLASSE_SENIOR/QT_COTAS,exact,QUANTIDADE DE COTAS EMITIDAS (CLASSE SENIOR) (Decimal com até 8 casas),199242.87707,199242.87707,199242.87707,341,03/2026,20/04/2026 20:32,3,AC
1167006,03/2026,6.6,OUTRAS_INFORM,CAPTA_RESGA_AMORTI/RESG_MES/CLASSE_SENIOR,DOC_ARQ/LISTA_INFORM/OUTRAS_INFORM/CAPTA_RESGA_AMORTI/RESG_MES/CLASSE_SENIOR,DOC_ARQ/LISTA_INFORM/OUTRAS_INFORM/CAPTA_RESGA_AMORTI/RESG_MES/CLASSE_SENIOR[1],CLASSE_SENIOR,1,SERIE,DOC_ARQ/LISTA_INFORM/OUTRAS_INFORM/CAPTA_RESGA_AMORTI/RESG_MES/CLASSE_SENIOR/SERIE,DOC_ARQ/LISTA_INFORM/OUTRAS_INFORM/CAPTA_RESGA_AMORTI/RESG_MES/CLASSE_SENIOR[1]/SERIE,,,,Série 1,,Série 1,345,03/2026,20/04/2026 20:32,3,AC
1167006,03/2026,6.6,OUTRAS_INFORM,CAPTA_RESGA_AMORTI/RESG_MES/CLASSE_SENIOR,DOC_ARQ/LISTA_INFORM/OUTRAS_INFORM/CAPTA_RESGA_AMORTI/RESG_MES/CLASSE_SENIOR,DOC_ARQ/LISTA_INFORM/OUTRAS_INFORM/CAPTA_RESGA_AMORTI/RESG_MES/CLASSE_SENIOR[1],CLASSE_SENIOR,1,VL_TOTAL,DOC_ARQ/LISTA_INFORM/OUTRAS_INFORM/CAPTA_RESGA_AMORTI/RESG_MES/CLASSE_SENIOR/VL_TOTAL,DOC_ARQ/LISTA_INFORM/OUTRAS_INFORM/CAPTA_RESGA_AMORTI/RESG_MES/CLASSE_SENIOR[1]/VL_TOTAL,DOC_ARQ/LISTA_INFORM/OUTRAS_INFORM/CAPTA_RESGA_AMORTI/AMORT/CLASSE_SENIOR/VL_TOTAL,suffix_2,VALOR TOTAL DAS AMORTIZAÇÕES (CLASSE SENIOR) (Decimal com 2 casas),0.00,0.0,0.0,346,03/2026,20/04/2026 20:32,3,AC
1167006,03/2026,6.6,OUTRAS_INFORM,CAPTA_RESGA_AMORTI/RESG_MES/CLASSE_SENIOR,DOC_ARQ/LISTA_INFORM/OUTRAS_INFORM/CAPTA_RESGA_AMORTI/RESG_MES/CLASSE_SENIOR,DOC_ARQ/LISTA_INFORM/OUTRAS_INFORM/CAPTA_RESGA_AMORTI/RESG_MES/CLASSE_SENIOR[1],CLASSE_SENIOR,1,QT_COTAS,DOC_ARQ/LISTA_INFORM/OUTRAS_INFORM/CAPTA_RESGA_AMORTI/RESG_MES/CLASSE_SENIOR/QT_COTAS,DOC_ARQ/LISTA_INFORM/OUTRAS_INFORM/CAPTA_RESGA_AMORTI/RESG_MES/CLASSE_SENIOR[1]/QT_COTAS,DOC_ARQ/LISTA_INFORM/OUTRAS_INFORM/CAPTA_RESGA_AMORTI/RESG_MES/CLASSE_SENIOR/QT_COTAS,exact,QUANTIDADE DE COTAS RESGATADAS (CLASSE SENIOR) (Decimal com até 8 casas),0.00,0.0,0.0,347,03/2026,20/04/2026 20:32,3,AC
1167006,03/2026,6.6,OUTRAS_INFORM,CAPTA_RESGA_AMORTI/RESG_MES/CLASSE_SENIOR,DOC_ARQ/LISTA_INFORM/OUTRAS_INFORM/CAPTA_RESGA_AMORTI/RESG_MES/CLASSE_SENIOR,DOC_ARQ/LISTA_INFORM/OUTRAS_INFORM/CAPTA_RESGA_AMORTI/RESG_MES/CLASSE_SENIOR[2],CLASSE_SENIOR,2,SERIE,DOC_ARQ/LISTA_INFORM/OUTRAS_INFORM/CAPTA_RESGA_AMORTI/RESG_MES/CLASSE_SENIOR/SERIE,DOC_ARQ/LISTA_INFORM/OUTRAS_INFORM/CAPTA_RESGA_AMORTI/RESG_MES/CLASSE_SENIOR[2]/SERIE,,,,Série 2,,Série 2,348,03/2026,20/04/2026 20:32,3,AC
1167006,03/2026,6.6,OUTRAS_INFORM,CAPTA_RESGA_AMORTI/RESG_MES/CLASSE_SENIOR,DOC_ARQ/LISTA_INFORM/OUTRAS_INFORM/CAPTA_RESGA_AMORTI/RESG_MES/CLASSE_SENIOR,DOC_ARQ/LISTA_INFORM/OUTRAS_INFORM/CAPTA_RESGA_AMORTI/RESG_MES/CLASSE_SENIOR[2],CLASSE_SENIOR,2,VL_TOTAL,DOC_ARQ/LISTA_INFORM/OUTRAS_INFORM/CAPTA_RESGA_AMORTI/RESG_MES/CLASSE_SENIOR/VL_TOTAL,DOC_ARQ/LISTA_INFORM/OUTRAS_INFORM/CAPTA_RESGA_AMORTI/RESG_MES/CLASSE_SENIOR[2]/VL_TOTAL,DOC_ARQ/LISTA_INFORM/OUTRAS_INFORM/CAPTA_RESGA_AMORTI/AMORT/CLASSE_SENIOR/VL_TOTAL,suffix_2,VALOR TOTAL DAS AMORTIZAÇÕES (CLASSE SENIOR) (Decimal com 2 casas),0.00,0.0,0.0,349,03/2026,20/04/2026 20:32,3,AC
1167006,03/2026,6.6,OUTRAS_INFORM,CAPTA_RESGA_AMORTI/RESG_MES/CLASSE_SENIOR,DOC_ARQ/LISTA_INFORM/OUTRAS_INFORM/CAPTA_RESGA_AMORTI/RESG_MES/CLASSE_SENIOR,DOC_ARQ/LISTA_INFORM/OUTRAS_INFORM/CAPTA_RESGA_AMORTI/RESG_MES/CLASSE_SENIOR[2],CLASSE_SENIOR,2,QT_COTAS,DOC_ARQ/LISTA_INFORM/OUTRAS_INFORM/CAPTA_RESGA_AMORTI/RESG_MES/CLASSE_SENIOR/QT_COTAS,DOC_ARQ/LISTA_INFORM/OUTRAS_INFORM/CAPTA_RESGA_AMORTI/RESG_MES/CLASSE_SENIOR[2]/QT_COTAS,DOC_ARQ/LISTA_INFORM/OUTRAS_INFORM/CAPTA_RESGA_AMORTI/RESG_MES/CLASSE_SENIOR/QT_COTAS,exact,QUANTIDADE DE COTAS RESGATADAS (CLASSE SENIOR) (Decimal com até 8 casas),0.00,0.0,0.0,350,03/2026,20/04/2026 20:32,3,AC
1167006,03/2026,6.6,OUTRAS_INFORM,CAPTA_RESGA_AMORTI/RESG_SOLIC/CLASSE_SENIOR,DOC_ARQ/LISTA_INFORM/OUTRAS_INFORM/CAPTA_RESGA_AMORTI/RESG_SOLIC/CLASSE_SENIOR,DOC_ARQ/LISTA_INFORM/OUTRAS_INFORM/CAPTA_RESGA_AMORTI/RESG_SOLIC/CLASSE_SENIOR[1],CLASSE_SENIOR,1,SERIE,DOC_ARQ/LISTA_INFORM/OUTRAS_INFORM/CAPTA_RESGA_AMORTI/RESG_SOLIC/CLASSE_SENIOR/SERIE,DOC_ARQ/LISTA_INFORM/OUTRAS_INFORM/CAPTA_RESGA_AMORTI/RESG_SOLIC/CLASSE_SENIOR[1]/SERIE,,,,Série 1,,Série 1,354,03/2026,20/04/2026 20:32,3,AC
1167006,03/2026,6.6,OUTRAS_INFORM,CAPTA_RESGA_AMORTI/RESG_SOLIC/CLASSE_SENIOR,DOC_ARQ/LISTA_INFORM/OUTRAS_INFORM/CAPTA_RESGA_AMORTI/RESG_SOLIC/CLASSE_SENIOR,DOC_ARQ/LISTA_INFORM/OUTRAS_INFORM/CAPTA_RESGA_AMORTI/RESG_SOLIC/CLASSE_SENIOR[1],CLASSE_SENIOR,1,VL_PAGO,DOC_ARQ/LISTA_INFORM/OUTRAS_INFORM/CAPTA_RESGA_AMORTI/RESG_SOLIC/CLASSE_SENIOR/VL_PAGO,DOC_ARQ/LISTA_INFORM/OUTRAS_INFORM/CAPTA_RESGA_AMORTI/RESG_SOLIC/CLASSE_SENIOR[1]/VL_PAGO,,,,0.00,0.0,0.0,355,03/2026,20/04/2026 20:32,3,AC
1167006,03/2026,6.6,OUTRAS_INFORM,CAPTA_RESGA_AMORTI/RESG_SOLIC/CLASSE_SENIOR,DOC_ARQ/LISTA_INFORM/OUTRAS_INFORM/CAPTA_RESGA_AMORTI/RESG_SOLIC/CLASSE_SENIOR,DOC_ARQ/LISTA_INFORM/OUTRAS_INFORM/CAPTA_RESGA_AMORTI/RESG_SOLIC/CLASSE_SENIOR[1],CLASSE_SENIOR,1,QT_COTAS,DOC_ARQ/LISTA_INFORM/OUTRAS_INFORM/CAPTA_RESGA_AMORTI/RESG_SOLIC/CLASSE_SENIOR/QT_COTAS,DOC_ARQ/LISTA_INFORM/OUTRAS_INFORM/CAPTA_RESGA_AMORTI/RESG_SOLIC/CLASSE_SENIOR[1]/QT_COTAS,DOC_ARQ/LISTA_INFORM/OUTRAS_INFORM/CAPTA_RESGA_AMORTI/RESG_SOLIC/CLASSE_SENIOR/QT_COTAS,exact,QUANTIDADE DE COTAS A SEREM RESGATADAS (CLASSE SENIOR) (Decimal com até 8 casas),0.00,0.0,0.0,356,03/2026,20/04/2026 20:32,3,AC
1167006,03/2026,6.6,OUTRAS_INFORM,CAPTA_RESGA_AMORTI/RESG_SOLIC/CLASSE_SENIOR,DOC_ARQ/LISTA_INFORM/OUTRAS_INFORM/CAPTA_RESGA_AMORTI/RESG_SOLIC/CLASSE_SENIOR,DOC_ARQ/LISTA_INFORM/OUTRAS_INFORM/CAPTA_RESGA_AMORTI/RESG_SOLIC/CLASSE_SENIOR[2],CLASSE_SENIOR,2,SERIE,DOC_ARQ/LISTA_INFORM/OUTRAS_INFORM/CAPTA_RESGA_AMORTI/RESG_SOLIC/CLASSE_SENIOR/SERIE,DOC_ARQ/LISTA_INFORM/OUTRAS_INFORM/CAPTA_RESGA_AMORTI/RESG_SOLIC/CLASSE_SENIOR[2]/SERIE,,,,Série 2,,Série 2,357,03/2026,20/04/2026 20:32,3,AC
1167006,03/2026,6.6,OUTRAS_INFORM,CAPTA_RESGA_AMORTI/RESG_SOLIC/CLASSE_SENIOR,DOC_ARQ/LISTA_INFORM/OUTRAS_INFORM/CAPTA_RESGA_AMORTI/RESG_SOLIC/CLASSE_SENIOR,DOC_ARQ/LISTA_INFORM/OUTRAS_INFORM/CAPTA_RESGA_AMORTI/RESG_SOLIC/CLASSE_SENIOR[2],CLASSE_SENIOR,2,VL_PAGO,DOC_ARQ/LISTA_INFORM/OUTRAS_INFORM/CAPTA_RESGA_AMORTI/RESG_SOLIC/CLASSE_SENIOR/VL_PAGO,DOC_ARQ/LISTA_INFORM/OUTRAS_INFORM/CAPTA_RESGA_AMORTI/RESG_SOLIC/CLASSE_SENIOR[2]/VL_PAGO,,,,0.00,0.0,0.0,358,03/2026,20/04/2026 20:32,3,AC
1167006,03/2026,6.6,OUTRAS_INFORM,CAPTA_RESGA_AMORTI/RESG_SOLIC/CLASSE_SENIOR,DOC_ARQ/LISTA_INFORM/OUTRAS_INFORM/CAPTA_RESGA_AMORTI/RESG_SOLIC/CLASSE_SENIOR,DOC_ARQ/LISTA_INFORM/OUTRAS_INFORM/CAPTA_RESGA_AMORTI/RESG_SOLIC/CLASSE_SENIOR[2],CLASSE_SENIOR,2,QT_COTAS,DOC_ARQ/LISTA_INFORM/OUTRAS_INFORM/CAPTA_RESGA_AMORTI/RESG_SOLIC/CLASSE_SENIOR/QT_COTAS,DOC_ARQ/LISTA_INFORM/OUTRAS_INFORM/CAPTA_RESGA_AMORTI/RESG_SOLIC/CLASSE_SENIOR[2]/QT_COTAS,DOC_ARQ/LISTA_INFORM/OUTRAS_INFORM/CAPTA_RESGA_AMORTI/RESG_SOLIC/CLASSE_SENIOR/QT_COTAS,exact,QUANTIDADE DE COTAS A SEREM RESGATADAS (CLASSE SENIOR) (Decimal com até 8 casas),0.00,0.0,0.0,359,03/2026,20/04/2026 20:32,3,AC
1167006,03/2026,6.6,OUTRAS_INFORM,CAPTA_RESGA_AMORTI/AMORT/CLASSE_SENIOR,DOC_ARQ/LISTA_INFORM/OUTRAS_INFORM/CAPTA_RESGA_AMORTI/AMORT/CLASSE_SENIOR,DOC_ARQ/LISTA_INFORM/OUTRAS_INFORM/CAPTA_RESGA_AMORTI/AMORT/CLASSE_SENIOR[1],CLASSE_SENIOR,1,SERIE,DOC_ARQ/LISTA_INFORM/OUTRAS_INFORM/CAPTA_RESGA_AMORTI/AMORT/CLASSE_SENIOR/SERIE,DOC_ARQ/LISTA_INFORM/OUTRAS_INFORM/CAPTA_RESGA_AMORTI/AMORT/CLASSE_SENIOR[1]/SERIE,,,,Série 1,,Série 1,363,03/2026,20/04/2026 20:32,3,AC
1167006,03/2026,6.6,OUTRAS_INFORM,CAPTA_RESGA_AMORTI/AMORT/CLASSE_SENIOR,DOC_ARQ/LISTA_INFORM/OUTRAS_INFORM/CAPTA_RESGA_AMORTI/AMORT/CLASSE_SENIOR,DOC_ARQ/LISTA_INFORM/OUTRAS_INFORM/CAPTA_RESGA_AMORTI/AMORT/CLASSE_SENIOR[1],CLASSE_SENIOR,1,VL_COTA,DOC_ARQ/LISTA_INFORM/OUTRAS_INFORM/CAPTA_RESGA_AMORTI/AMORT/CLASSE_SENIOR/VL_COTA,DOC_ARQ/LISTA_INFORM/OUTRAS_INFORM/CAPTA_RESGA_AMORTI/AMORT/CLASSE_SENIOR[1]/VL_COTA,DOC_ARQ/LISTA_INFORM/OUTRAS_INFORM/CAPTA_RESGA_AMORTI/AMORT/CLASSE_SENIOR/VL_COTA,exact,VALOR AMORTIZADO POR COTA (CLASSE SENIOR) (Decimal com até 8 casas),15.171614933273428,15.171614933273428,15.171614933273428,364,03/2026,20/04/2026 20:32,3,AC
1167006,03/2026,6.6,OUTRAS_INFORM,CAPTA_RESGA_AMORTI/AMORT/CLASSE_SENIOR,DOC_ARQ/LISTA_INFORM/OUTRAS_INFORM/CAPTA_RESGA_AMORTI/AMORT/CLASSE_SENIOR,DOC_ARQ/LISTA_INFORM/OUTRAS_INFORM/CAPTA_RESGA_AMORTI/AMORT/CLASSE_SENIOR[1],CLASSE_SENIOR,1,VL_TOTAL,DOC_ARQ/LISTA_INFORM/OUTRAS_INFORM/CAPTA_RESGA_AMORTI/AMORT/CLASSE_SENIOR/VL_TOTAL,DOC_ARQ/LISTA_INFORM/OUTRAS_INFORM/CAPTA_RESGA_AMORTI/AMORT/CLASSE_SENIOR[1]/VL_TOTAL,DOC_ARQ/LISTA_INFORM/OUTRAS_INFORM/CAPTA_RESGA_AMORTI/AMORT/CLASSE_SENIOR/VL_TOTAL,exact,VALOR TOTAL DAS AMORTIZAÇÕES (CLASSE SENIOR) (Decimal com 2 casas),4425945.41,4425945.41,4425945.41,365,03/2026,20/04/2026 20:32,3,AC
1167006,03/2026,6.6,OUTRAS_INFORM,CAPTA_RESGA_AMORTI/AMORT/CLASSE_SENIOR,DOC_ARQ/LISTA_INFORM/OUTRAS_INFORM/CAPTA_RESGA_AMORTI/AMORT/CLASSE_SENIOR,DOC_ARQ/LISTA_INFORM/OUTRAS_INFORM/CAPTA_RESGA_AMORTI/AMORT/CLASSE_SENIOR[2],CLASSE_SENIOR,2,SERIE,DOC_ARQ/LISTA_INFORM/OUTRAS_INFORM/CAPTA_RESGA_AMORTI/AMORT/CLASSE_SENIOR/SERIE,DOC_ARQ/LISTA_INFORM/OUTRAS_INFORM/CAPTA_RESGA_AMORTI/AMORT/CLASSE_SENIOR[2]/SERIE,,,,Série 2,,Série 2,366,03/2026,20/04/2026 20:32,3,AC
1167006,03/2026,6.6,OUTRAS_INFORM,CAPTA_RESGA_AMORTI/AMORT/CLASSE_SENIOR,DOC_ARQ/LISTA_INFORM/OUTRAS_INFORM/CAPTA_RESGA_AMORTI/AMORT/CLASSE_SENIOR,DOC_ARQ/LISTA_INFORM/OUTRAS_INFORM/CAPTA_RESGA_AMORTI/AMORT/CLASSE_SENIOR[2],CLASSE_SENIOR,2,VL_COTA,DOC_ARQ/LISTA_INFORM/OUTRAS_INFORM/CAPTA_RESGA_AMORTI/AMORT/CLASSE_SENIOR/VL_COTA,DOC_ARQ/LISTA_INFORM/OUTRAS_INFORM/CAPTA_RESGA_AMORTI/AMORT/CLASSE_SENIOR[2]/VL_COTA,DOC_ARQ/LISTA_INFORM/OUTRAS_INFORM/CAPTA_RESGA_AMORTI/AMORT/CLASSE_SENIOR/VL_COTA,exact,VALOR AMORTIZADO POR COTA (CLASSE SENIOR) (Decimal com até 8 casas),0.00,0.0,0.0,367,03/2026,20/04/2026 20:32,3,AC
1167006,03/2026,6.6,OUTRAS_INFORM,CAPTA_RESGA_AMORTI/AMORT/CLASSE_SENIOR,DOC_ARQ/LISTA_INFORM/OUTRAS_INFORM/CAPTA_RESGA_AMORTI/AMORT/CLASSE_SENIOR,DOC_ARQ/LISTA_INFORM/OUTRAS_INFORM/CAPTA_RESGA_AMORTI/AMORT/CLASSE_SENIOR[2],CLASSE_SENIOR,2,VL_TOTAL,DOC_ARQ/LISTA_INFORM/OUTRAS_INFORM/CAPTA_RESGA_AMORTI/AMORT/CLASSE_SENIOR/VL_TOTAL,DOC_ARQ/LISTA_INFORM/OUTRAS_INFORM/CAPTA_RESGA_AMORTI/AMORT/CLASSE_SENIOR[2]/VL_TOTAL,DOC_ARQ/LISTA_INFORM/OUTRAS_INFORM/CAPTA_RESGA_AMORTI/AMORT/CLASSE_SENIOR/VL_TOTAL,exact,VALOR TOTAL DAS AMORTIZAÇÕES (CLASSE SENIOR) (Decimal com 2 casas),0.00,0.0,0.0,368,03/2026,20/04/2026 20:32,3,AC
1167006,03/2026,6.6,OUTRAS_INFORM,DESEMP/CLASSE_SENIOR,DOC_ARQ/LISTA_INFORM/OUTRAS_INFORM/DESEMP/CLASSE_SENIOR,DOC_ARQ/LISTA_INFORM/OUTRAS_INFORM/DESEMP/CLASSE_SENIOR[1],CLASSE_SENIOR,1,SERIE,DOC_ARQ/LISTA_INFORM/OUTRAS_INFORM/DESEMP/CLASSE_SENIOR/SERIE,DOC_ARQ/LISTA_INFORM/OUTRAS_INFORM/DESEMP/CLASSE_SENIOR[1]/SERIE,,,,Série 1,,Série 1,379,03/2026,20/04/2026 20:32,3,AC
1167006,03/2026,6.6,OUTRAS_INFORM,DESEMP/CLASSE_SENIOR,DOC_ARQ/LISTA_INFORM/OUTRAS_INFORM/DESEMP/CLASSE_SENIOR,DOC_ARQ/LISTA_INFORM/OUTRAS_INFORM/DESEMP/CLASSE_SENIOR[1],CLASSE_SENIOR,1,DESEMP_ESP,DOC_ARQ/LISTA_INFORM/OUTRAS_INFORM/DESEMP/CLASSE_SENIOR/DESEMP_ESP,DOC_ARQ/LISTA_INFORM/OUTRAS_INFORM/DESEMP/CLASSE_SENIOR[1]/DESEMP_ESP,DOC_ARQ/LISTA_INFORM/OUTRAS_INFORM/DESEMP/CLASSE_SENIOR/DESEMP_ESP,exact,"VALOR DA TAXA EM PERCENTUAL DE DESEMPENHO ESPERADO (BENCHMARK)(EX. 9,0 E NÃO 0,09)",0.00,0.0,0.0,380,03/2026,20/04/2026 20:32,3,AC
1167006,03/2026,6.6,OUTRAS_INFORM,DESEMP/CLASSE_SENIOR,DOC_ARQ/LISTA_INFORM/OUTRAS_INFORM/DESEMP/CLASSE_SENIOR,DOC_ARQ/LISTA_INFORM/OUTRAS_INFORM/DESEMP/CLASSE_SENIOR[1],CLASSE_SENIOR,1,DESEMP_REAL,DOC_ARQ/LISTA_INFORM/OUTRAS_INFORM/DESEMP/CLASSE_SENIOR/DESEMP_REAL,DOC_ARQ/LISTA_INFORM/OUTRAS_INFORM/DESEMP/CLASSE_SENIOR[1]/DESEMP_REAL,DOC_ARQ/LISTA_INFORM/OUTRAS_INFORM/DESEMP/CLASSE_SENIOR/DESEMP_REAL,exact,"VALOR DA TAXA EM PERCENTUAL DO DESEMPENHO REALIZADO (RENTABILIDADE NO MÊS)(EX. 9,0 E NÃO 0,09)",0.00,0.0,0.0,381,03/2026,20/04/2026 20:32,3,AC
1167006,03/2026,6.6,OUTRAS_INFORM,DESEMP/CLASSE_SENIOR,DOC_ARQ/LISTA_INFORM/OUTRAS_INFORM/DESEMP/CLASSE_SENIOR,DOC_ARQ/LISTA_INFORM/OUTRAS_INFORM/DESEMP/CLASSE_SENIOR[2],CLASSE_SENIOR,2,SERIE,DOC_ARQ/LISTA_INFORM/OUTRAS_INFORM/DESEMP/CLASSE_SENIOR/SERIE,DOC_ARQ/LISTA_INFORM/OUTRAS_INFORM/DESEMP/CLASSE_SENIOR[2]/SERIE,,,,Série 2,,Série 2,382,03/2026,20/04/2026 20:32,3,AC
1167006,03/2026,6.6,OUTRAS_INFORM,DESEMP/CLASSE_SENIOR,DOC_ARQ/LISTA_INFORM/OUTRAS_INFORM/DESEMP/CLASSE_SENIOR,DOC_ARQ/LISTA_INFORM/OUTRAS_INFORM/DESEMP/CLASSE_SENIOR[2],CLASSE_SENIOR,2,DESEMP_ESP,DOC_ARQ/LISTA_INFORM/OUTRAS_INFORM/DESEMP/CLASSE_SENIOR/DESEMP_ESP,DOC_ARQ/LISTA_INFORM/OUTRAS_INFORM/DESEMP/CLASSE_SENIOR[2]/DESEMP_ESP,DOC_ARQ/LISTA_INFORM/OUTRAS_INFORM/DESEMP/CLASSE_SENIOR/DESEMP_ESP,exact,"VALOR DA TAXA EM PERCENTUAL DE DESEMPENHO ESPERADO (BENCHMARK)(EX. 9,0 E NÃO 0,09)",0.00,0.0,0.0,383,03/2026,20/04/2026 20:32,3,AC
1167006,03/2026,6.6,OUTRAS_INFORM,DESEMP/CLASSE_SENIOR,DOC_ARQ/LISTA_INFORM/OUTRAS_INFORM/DESEMP/CLASSE_SENIOR,DOC_ARQ/LISTA_INFORM/OUTRAS_INFORM/DESEMP/CLASSE_SENIOR[2],CLASSE_SENIOR,2,DESEMP_REAL,DOC_ARQ/LISTA_INFORM/OUTRAS_INFORM/DESEMP/CLASSE_SENIOR/DESEMP_REAL,DOC_ARQ/LISTA_INFORM/OUTRAS_INFORM/DESEMP/CLASSE_SENIOR[2]/DESEMP_REAL,DOC_ARQ/LISTA_INFORM/OUTRAS_INFORM/DESEMP/CLASSE_SENIOR/DESEMP_REAL,exact,"VALOR DA TAXA EM PERCENTUAL DO DESEMPENHO REALIZADO (RENTABILIDADE NO MÊS)(EX. 9,0 E NÃO 0,09)",1.23,1.23,1.23,384,03/2026,20/04/2026 20:32,3,AC
