bloco,sub_bloco,tag,tag_path,descricao,05/2025,06/2025,07/2025,08/2025,09/2025,10/2025,11/2025,12/2025,01/2026,02/2026,03/2026
CAB_INFORM,,VERSAO,DOC_ARQ/CAB_INFORM/VERSAO,,6.5,6.5,6.5,6.5,6.5,6.5,6.5,6.5,6.6,6.6,6.6
CAB_INFORM,,DT_COMPT,DOC_ARQ/CAB_INFORM/DT_COMPT,DATA DA COMPETÊNCIA DO FUNDO NO FORMATO MM/AAAA,05/2025,06/2025,07/2025,08/2025,09/2025,10/2025,11/2025,12/2025,01/2026,02/2026,03/2026
CAB_INFORM,,CLASS_UNICA,DOC_ARQ/CAB_INFORM/CLASS_UNICA,,SIM,SIM,SIM,SIM,SIM,SIM,SIM,SIM,SIM,SIM,SIM
CAB_INFORM,,NR_CNPJ_ADM,DOC_ARQ/CAB_INFORM/NR_CNPJ_ADM,CNPJ DO ADMINISTRADOR DO FUNDO,59281253000123.0,59281253000123.0,59281253000123.0,59281253000123.0,59281253000123.0,59281253000123.0,59281253000123.0,59281253000123.0,59281253000123.0,59281253000123.0,59281253000123.0
CAB_INFORM,,NR_CNPJ_FUNDO,DOC_ARQ/CAB_INFORM/NR_CNPJ_FUNDO,CNPJ DO FUNDO,41970012000126.0,41970012000126.0,41970012000126.0,41970012000126.0,41970012000126.0,41970012000126.0,41970012000126.0,41970012000126.0,41970012000126.0,41970012000126.0,41970012000126.0
CAB_INFORM,,NR_CNPJ_CLASSE,DOC_ARQ/CAB_INFORM/NR_CNPJ_CLASSE,,41970012000126.0,41970012000126.0,41970012000126.0,41970012000126.0,41970012000126.0,41970012000126.0,41970012000126.0,41970012000126.0,41970012000126.0,41970012000126.0,41970012000126.0
CAB_INFORM,,TP_CONDOMINIO,DOC_ARQ/CAB_INFORM/TP_CONDOMINIO,TIPO DE CONDOMÍNIO DO FUNDO (ABERTO/FECHADO),FECHADO,FECHADO,FECHADO,FECHADO,FECHADO,FECHADO,FECHADO,FECHADO,FECHADO,FECHADO,FECHADO
CAB_INFORM,,FDO_EXCL,DOC_ARQ/CAB_INFORM/FDO_EXCL,RESPOSTA SE O FUNDO É EXCLUSIVO(SIM/NAO),NAO,NAO,NAO,NAO,NAO,NAO,NAO,NAO,NAO,NAO,NAO
CAB_INFORM,,COTST_VINCUL,DOC_ARQ/CAB_INFORM/COTST_VINCUL,RESPOSTA SE O FUNDO É VINCULADO(SIM/NAO),NAO,NAO,NAO,NAO,NAO,NAO,NAO,NAO,NAO,NAO,NAO
APLIC_ATIVO,,VL_DISPONIB,DOC_ARQ/LISTA_INFORM/APLIC_ATIVO/VL_DISPONIB,VALOR DAS DISPONIBILIDADES,0.0,0.0,0.0,0.0,0.0,0.0,0.0,0.0,0.0,0.0,0.0
APLIC_ATIVO,,VL_CARTEIRA,DOC_ARQ/LISTA_INFORM/APLIC_ATIVO/VL_CARTEIRA,VALOR DO SOMATÓRIO CONFORME ITEM 2 - SOMATÓRIO DE CARTEIRA DAS OBSERVAÇÕES IMPORTANTES,1890524044.08,1807347929.45,1779156281.22,1696737729.78,1676123146.58,1673103082.77,1704229712.59,1561129068.0,1591657735.1,1641101498.23,1698008467.93
APLIC_ATIVO,CRED_EXISTE,VL_SOM_DICRED_AQUIS,DOC_ARQ/LISTA_INFORM/APLIC_ATIVO/CRED_EXISTE/VL_SOM_DICRED_AQUIS,VALOR DO SOMATÓRIO CONFORME ITEM 3 - SOMATÓRIO DE DIREITOS CREDITÓRIOS COM AQUISIÇÃO SUBSTANCIAL DOS RISCOS E BENEFÍCIOS DAS OBSERVAÇÕES IMPORTANTES,1613009392.05,1571175356.28,1602652413.39,1470696549.64,1487832566.35,1484511108.96,1478371513.37,1388406711.47,1343854396.41,1405056525.48,1605527957.08
APLIC_ATIVO,CRED_EXISTE,VL_CRED_EXISTE_VENC_ADIMPL,DOC_ARQ/LISTA_INFORM/APLIC_ATIVO/CRED_EXISTE/VL_CRED_EXISTE_VENC_ADIMPL,VALOR DOS CRÉDITOS EXISTENTES A VENCER E ADIMPLENTES,1997516372.86,1966114998.24,1953984246.4,1900806241.14,1893073833.45,1895587100.35,1861796845.04,1794573425.79,1799122303.8,1853576625.64,2076571242.05
APLIC_ATIVO,CRED_EXISTE,VL_CRED_EXISTE_VENC_INAD,DOC_ARQ/LISTA_INFORM/APLIC_ATIVO/CRED_EXISTE/VL_CRED_EXISTE_VENC_INAD,VALOR DOS CRÉDITOS EXISTENTES A VENCER COM PARCELAS INADIMPLENTES,921019056.62,963842169.51,853688876.45,905848869.29,967188123.82,746116673.77,693912055.3,681561388.86,629952311.64,586192728.89,625477035.66
APLIC_ATIVO,CRED_EXISTE,VL_CRED_TOTAL_VENC_INAD,DOC_ARQ/LISTA_INFORM/APLIC_ATIVO/CRED_EXISTE/VL_CRED_TOTAL_VENC_INAD,VALOR TOTAL DAS PARCELAS INADIMPLENTES,921019056.62,963842169.51,853688876.45,905848869.29,967188123.82,746116673.77,693912055.3,681561388.86,629952311.64,586192728.89,625477035.66
APLIC_ATIVO,CRED_EXISTE,VL_CRED_EXISTE_INAD,DOC_ARQ/LISTA_INFORM/APLIC_ATIVO/CRED_EXISTE/VL_CRED_EXISTE_INAD,VALOR DOS CRÉDITOS EXISTENTES INADIMPLENTES,0.0,0.0,0.0,0.0,0.0,0.0,0.0,0.0,0.0,0.0,0.0
APLIC_ATIVO,CRED_EXISTE,VL_CRED_REFER_DICRED_PERFO,DOC_ARQ/LISTA_INFORM/APLIC_ATIVO/CRED_EXISTE/VL_CRED_REFER_DICRED_PERFO,VALOR DOS CRÉDITOS REFERENTES A DIREITOS CREDITÓRIOS A PERFORMAR,0.0,0.0,0.0,0.0,0.0,0.0,0.0,0.0,0.0,0.0,0.0
APLIC_ATIVO,CRED_EXISTE,VL_CRED_VENC_PEND,DOC_ARQ/LISTA_INFORM/APLIC_ATIVO/CRED_EXISTE/VL_CRED_VENC_PEND,VALOR DOS CRÉDITOS QUE ESTEJAM VENCIDOS E PENDENTES DE PAGAMENTO QUANDO DA SUA CESSÃO PARA O FUNDO,0.0,0.0,0.0,0.0,0.0,0.0,0.0,0.0,0.0,0.0,0.0
APLIC_ATIVO,CRED_EXISTE,VL_CRED_ORIGEM_EMP_PROC_RECUP,DOC_ARQ/LISTA_INFORM/APLIC_ATIVO/CRED_EXISTE/VL_CRED_ORIGEM_EMP_PROC_RECUP,VALOR DOS CRÉDITOS ORIGINADOS DE EMPRESAS EM PROCESSO DE RECUPERAÇÃO JUDICIAL OU EXTRAJUDICIAL,0.0,0.0,0.0,0.0,0.0,0.0,0.0,0.0,0.0,0.0,0.0
APLIC_ATIVO,CRED_EXISTE,VL_DECOR_RECEIT_PUBLIC,DOC_ARQ/LISTA_INFORM/APLIC_ATIVO/CRED_EXISTE/VL_DECOR_RECEIT_PUBLIC,"VALOR DOS CRÉDITOS DECORRENTES DE RECEITAS PÚBLICAS ORIGINÁRIAS OU DERIVADAS DA UNIÃO, ESTADOS, DISTRITO FEDERAL E MUNICÍPIOS, SUAS AUTARQUIAS E FUNDAÇÕES",0.0,0.0,0.0,0.0,0.0,0.0,0.0,0.0,0.0,0.0,0.0
APLIC_ATIVO,CRED_EXISTE,VL_CRED_ACAO_JUDIC,DOC_ARQ/LISTA_INFORM/APLIC_ATIVO/CRED_EXISTE/VL_CRED_ACAO_JUDIC,"VALOR DOS CRÉDITOS QUE RESULTEM DE AÇÕES JUDICIAIS EM CURSO, CONSTITUAM SEU OBJETO DE LITÍGIO OU TENHAM SIDO JUDICIALMENTE PENHORADOS OU DADOS EM GARANTIA",0.0,0.0,0.0,0.0,0.0,0.0,0.0,0.0,0.0,0.0,0.0
APLIC_ATIVO,CRED_EXISTE,VL_CRED_CONST_JUR_FATRISC,DOC_ARQ/LISTA_INFORM/APLIC_ATIVO/CRED_EXISTE/VL_CRED_CONST_JUR_FATRISC,VALOR DOS CRÉDITOS CUJA CONSTITUIÇÃO OU VALIDADE JURÍDICA DA CESSÃO PARA O FUNDO SEJA CONSIDERADA UM FATOR PREPONDERANTE DE RISCO,0.0,0.0,0.0,0.0,0.0,0.0,0.0,0.0,0.0,0.0,0.0
APLIC_ATIVO,CRED_EXISTE,VL_PROVIS_REDUC_RECUP,DOC_ARQ/LISTA_INFORM/APLIC_ATIVO/CRED_EXISTE/VL_PROVIS_REDUC_RECUP,VALOR DA PROVISÃO PARA REDUÇÃO NO VALOR DE RECUPERAÇÃO (VALORES POSITIVOS),1305526037.43,1358781811.47,1205020709.46,1335958560.79,1372429390.92,1157192665.16,1077337386.97,1087728103.18,1085220219.03,1034712829.05,1096520320.63
APLIC_ATIVO,DICRED,VL_DICRED,DOC_ARQ/LISTA_INFORM/APLIC_ATIVO/DICRED/VL_DICRED,VALOR DO SOMATÓRIO CONFORME ITEM 3 - SOMATÓRIO DE DIREITOS CREDITÓRIOS SEM AQUISIÇÃO SUBSTANCIAL DOS RISCOS E BENEFÍCIOS DAS OBSERVAÇÕES IMPORTANTES,0.0,0.0,0.0,0.0,0.0,0.0,0.0,0.0,0.0,0.0,0.0
APLIC_ATIVO,DICRED,VL_DICRED_CEDENT,DOC_ARQ/LISTA_INFORM/APLIC_ATIVO/DICRED/VL_DICRED_CEDENT,VALOR DOS CRÉDITOS EXISTENTES A VENCER E ADIMPLENTES,0.0,0.0,0.0,0.0,0.0,0.0,0.0,0.0,0.0,0.0,0.0
APLIC_ATIVO,DICRED,VL_DICRED_EXISTE_VENC_INAD,DOC_ARQ/LISTA_INFORM/APLIC_ATIVO/DICRED/VL_DICRED_EXISTE_VENC_INAD,VALOR DOS CRÉDITOS EXISTENTES A VENCER COM PARCELAS INADIMPLENTES,0.0,0.0,0.0,0.0,0.0,0.0,0.0,0.0,0.0,0.0,0.0
APLIC_ATIVO,DICRED,VL_DICRED_TOTAL_VENC_INAD,DOC_ARQ/LISTA_INFORM/APLIC_ATIVO/DICRED/VL_DICRED_TOTAL_VENC_INAD,VALOR TOTAL DAS PARCELAS INADIMPLENTES,0.0,0.0,0.0,0.0,0.0,0.0,0.0,0.0,0.0,0.0,0.0
APLIC_ATIVO,DICRED,VL_DICRED_EXISTE_INAD,DOC_ARQ/LISTA_INFORM/APLIC_ATIVO/DICRED/VL_DICRED_EXISTE_INAD,VALOR DOS CRÉDITOS EXISTENTES INADIMPLENTES,0.0,0.0,0.0,0.0,0.0,0.0,0.0,0.0,0.0,0.0,0.0
APLIC_ATIVO,DICRED,VL_DICRED_REFER_DICRED_PERFO,DOC_ARQ/LISTA_INFORM/APLIC_ATIVO/DICRED/VL_DICRED_REFER_DICRED_PERFO,VALOR DOS CRÉDITOS REFERENTES A DIREITOS CREDITÓRIOS A PERFORMAR,0.0,0.0,0.0,0.0,0.0,0.0,0.0,0.0,0.0,0.0,0.0
APLIC_ATIVO,DICRED,VL_DICRED_VENC_PEND,DOC_ARQ/LISTA_INFORM/APLIC_ATIVO/DICRED/VL_DICRED_VENC_PEND,VALOR DOS CRÉDITOS QUE ESTEJAM VENCIDOS E PENDENTES DE PAGAMENTO QUANDO DA SUA CESSÃO PARA O FUNDO,0.0,0.0,0.0,0.0,0.0,0.0,0.0,0.0,0.0,0.0,0.0
APLIC_ATIVO,DICRED,VL_DICRED_ORIGEM_EMP_PROC_RECUP,DOC_ARQ/LISTA_INFORM/APLIC_ATIVO/DICRED/VL_DICRED_ORIGEM_EMP_PROC_RECUP,VALOR DOS CRÉDITOS ORIGINADOS DE EMPRESAS EM PROCESSO DE RECUPERAÇÃO JUDICIAL OU EXTRAJUDICIAL,0.0,0.0,0.0,0.0,0.0,0.0,0.0,0.0,0.0,0.0,0.0
APLIC_ATIVO,DICRED,VL_DICRED_RECEIT_PUBLIC,DOC_ARQ/LISTA_INFORM/APLIC_ATIVO/DICRED/VL_DICRED_RECEIT_PUBLIC,"VALOR DOS CRÉDITOS DECORRENTES DE RECEITAS PÚBLICAS ORIGINÁRIAS OU DERIVADAS DA UNIÃO, ESTADOS, DISTRITO FEDERAL E MUNICÍPIOS, SUAS AUTARQUIAS E FUNDAÇÕES",0.0,0.0,0.0,0.0,0.0,0.0,0.0,0.0,0.0,0.0,0.0
APLIC_ATIVO,DICRED,VL_DICRED_ACAO_JUDIC,DOC_ARQ/LISTA_INFORM/APLIC_ATIVO/DICRED/VL_DICRED_ACAO_JUDIC,"VALOR DOS CRÉDITOS QUE RESULTEM DE AÇÕES JUDICIAIS EM CURSO, CONSTITUAM SEU OBJETO DE LITÍGIO OU TENHAM SIDO JUDICIALMENTE PENHORADOS OU DADOS EM GARANTIA",0.0,0.0,0.0,0.0,0.0,0.0,0.0,0.0,0.0,0.0,0.0
APLIC_ATIVO,DICRED,VL_DICRED_CONST_JUR_FATRISC,DOC_ARQ/LISTA_INFORM/APLIC_ATIVO/DICRED/VL_DICRED_CONST_JUR_FATRISC,VALOR DOS CRÉDITOS CUJA CONSTITUIÇÃO OU VALIDADE JURÍDICA DA CESSÃO PARA O FUNDO SEJA CONSIDERADA UM FATOR PREPONDERANTE DE RISCO,0.0,0.0,0.0,0.0,0.0,0.0,0.0,0.0,0.0,0.0,0.0
APLIC_ATIVO,DICRED,VL_DICRED_PROVIS_REDUC_RECUP,DOC_ARQ/LISTA_INFORM/APLIC_ATIVO/DICRED/VL_DICRED_PROVIS_REDUC_RECUP,VALOR DA PROVISÃO PARA REDUÇÃO NO VALOR DE RECUPERAÇÃO (VALORES POSITIVOS),0.0,0.0,0.0,0.0,0.0,0.0,0.0,0.0,0.0,0.0,0.0
APLIC_ATIVO,VALORES_MOB,VL_SOM_VALORES_MOB,DOC_ARQ/LISTA_INFORM/APLIC_ATIVO/VALORES_MOB/VL_SOM_VALORES_MOB,VALOR DO SOMATÓRIO CONFORME ITEM 4 - SOMATÓRIO DE VALORES IMOBILIÁRIOS DAS OBSERVAÇÕES IMPORTANTES,252084451.31,210459096.37,150453123.86,199685218.06,161608673.02,161565348.45,198543122.67,145071188.95,219823703.12,207782961.14,63856710.19
APLIC_ATIVO,VALORES_MOB,VL_DEBT,DOC_ARQ/LISTA_INFORM/APLIC_ATIVO/VALORES_MOB/VL_DEBT,VALOR DOS DEBÊNTURES,0.0,0.0,0.0,0.0,0.0,0.0,0.0,0.0,0.0,0.0,0.0
APLIC_ATIVO,VALORES_MOB,VL_CRI,DOC_ARQ/LISTA_INFORM/APLIC_ATIVO/VALORES_MOB/VL_CRI,VALOR DO CRI,0.0,0.0,0.0,0.0,0.0,0.0,0.0,0.0,0.0,0.0,0.0
APLIC_ATIVO,VALORES_MOB,VL_NP_COMERC,DOC_ARQ/LISTA_INFORM/APLIC_ATIVO/VALORES_MOB/VL_NP_COMERC,VALOR DAS NOTAS PROMISSÓRIAS COMERCIAIS,0.0,0.0,0.0,0.0,0.0,0.0,0.0,0.0,0.0,0.0,0.0
APLIC_ATIVO,VALORES_MOB,VL_LETRA_FINANC,DOC_ARQ/LISTA_INFORM/APLIC_ATIVO/VALORES_MOB/VL_LETRA_FINANC,VALOR DAS LETRAS FINANCEIRAS,0.0,0.0,0.0,0.0,0.0,0.0,0.0,0.0,0.0,0.0,0.0
APLIC_ATIVO,VALORES_MOB,VL_CLS_COTA_FIF,DOC_ARQ/LISTA_INFORM/APLIC_ATIVO/VALORES_MOB/VL_CLS_COTA_FIF,,252084451.31,210459096.37,150453123.86,199685218.06,161608673.02,161565348.45,198543122.67,145071188.95,219823703.12,207782961.14,63856710.19
APLIC_ATIVO,VALORES_MOB,VL_OUTRO_DICRED,DOC_ARQ/LISTA_INFORM/APLIC_ATIVO/VALORES_MOB/VL_OUTRO_DICRED,VALOR DE OUTROS VALORES,0.0,0.0,0.0,0.0,0.0,0.0,0.0,0.0,0.0,0.0,0.0
APLIC_ATIVO,,VL_TITPUB_FED,DOC_ARQ/LISTA_INFORM/APLIC_ATIVO/VL_TITPUB_FED,VALOR DOS TÍTULOS PÚBLICOS FEDERAIS,25430200.72,25713476.8,26050743.97,26355962.08,26681907.21,27026625.36,27315076.55,27651167.58,27979635.57,28262011.61,28623800.66
APLIC_ATIVO,,VL_CDB,DOC_ARQ/LISTA_INFORM/APLIC_ATIVO/VL_CDB,VALOR DOS CERTIFICADOS DE DEPÓSITOS BANCÁRIOS,0.0,0.0,0.0,0.0,0.0,0.0,0.0,0.0,0.0,0.0,0.0
APLIC_ATIVO,,VL_APLIC_OPER_COMPSS,DOC_ARQ/LISTA_INFORM/APLIC_ATIVO/VL_APLIC_OPER_COMPSS,VALOR DAS APLICAÇÕES EM OPERAÇÕES COMPROMISSADAS,0.0,0.0,0.0,0.0,0.0,0.0,0.0,0.0,0.0,0.0,0.0
APLIC_ATIVO,,VL_ATIV_FINANC_RF,DOC_ARQ/LISTA_INFORM/APLIC_ATIVO/VL_ATIV_FINANC_RF,VALOR DOS OUTROS ATIVOS FINANCEIROS DE RENDA FIXA,0.0,0.0,0.0,0.0,0.0,0.0,0.0,0.0,0.0,0.0,0.0
APLIC_ATIVO,,VL_COTA_FIDC,DOC_ARQ/LISTA_INFORM/APLIC_ATIVO/VL_COTA_FIDC,VALOR DAS COTAS DE FUNDOS DE INVESTIMENTO EM DIREITOS CREDITÓRIOS,0.0,0.0,0.0,0.0,0.0,0.0,0.0,0.0,0.0,0.0,0.0
APLIC_ATIVO,,VL_CONTR_COMPRA_VENDA_PRESTC_FUTURA,DOC_ARQ/LISTA_INFORM/APLIC_ATIVO/VL_CONTR_COMPRA_VENDA_PRESTC_FUTURA,"VALOR DE WARRANTS, CONTRATO DE COMPRA E VENDA DE PRODUTOS, MERCADORIAS E/OU SERVIÇOS PARA ENTREGA OU PRESTAÇÃO FUTURA",0.0,0.0,0.0,0.0,0.0,0.0,0.0,0.0,0.0,0.0,0.0
APLIC_ATIVO,,VL_PVS_DBT_CRI_NTA_PMS,DOC_ARQ/LISTA_INFORM/APLIC_ATIVO/VL_PVS_DBT_CRI_NTA_PMS,"VALOR DAS PROVISÕES SOBRE DEBÊNTURES, CRI, NOTAS PROMISSÓRIAS E LETRAS FINANCEIRAS",0.0,0.0,0.0,0.0,0.0,0.0,0.0,0.0,0.0,0.0,0.0
APLIC_ATIVO,,VL_PVS_CTA_FND_INV,DOC_ARQ/LISTA_INFORM/APLIC_ATIVO/VL_PVS_CTA_FND_INV,VALOR DAS PROVISÕES SOBRE COTAS DE FUNDOS DE INVESTIMENTO EM DIREITOS CREDITÓRIOS,0.0,0.0,0.0,0.0,0.0,0.0,0.0,0.0,0.0,0.0,0.0
APLIC_ATIVO,,VL_PVS_OTR_ATV,DOC_ARQ/LISTA_INFORM/APLIC_ATIVO/VL_PVS_OTR_ATV,VALOR DAS PROVISÕES SOBRE OUTROS ATIVOS,0.0,0.0,0.0,0.0,0.0,0.0,0.0,0.0,0.0,0.0,0.0
APLIC_ATIVO,MERC_DERIVATIVO,VL_SOM_MERC_DERIVATIVO,DOC_ARQ/LISTA_INFORM/APLIC_ATIVO/MERC_DERIVATIVO/VL_SOM_MERC_DERIVATIVO,"VALOR DO SOMATÓRIO CONFORME ITEM 5 - SOMATÓRIO DE POSIÇÕES MANTIDAS EM MERCADOS DE DERIVATIVOS, DAS OBSERVAÇÕES IMPORTANTES",0.0,0.0,0.0,0.0,0.0,0.0,0.0,0.0,0.0,0.0,0.0
APLIC_ATIVO,MERC_DERIVATIVO,VL_MERC_TERMO_POS_COMPRD,DOC_ARQ/LISTA_INFORM/APLIC_ATIVO/MERC_DERIVATIVO/VL_MERC_TERMO_POS_COMPRD,VALOR DO MERCADO A TERMO  POSIÇÕES COMPRADAS,0.0,0.0,0.0,0.0,0.0,0.0,0.0,0.0,0.0,0.0,0.0
APLIC_ATIVO,MERC_DERIVATIVO,VL_MERC_OP_POS_TITUL,DOC_ARQ/LISTA_INFORM/APLIC_ATIVO/MERC_DERIVATIVO/VL_MERC_OP_POS_TITUL,VALOR DO MERCADO DE OPÇÕES  POSIÇÕES TITULARES,0.0,0.0,0.0,0.0,0.0,0.0,0.0,0.0,0.0,0.0,0.0
APLIC_ATIVO,MERC_DERIVATIVO,VL_MERC_FUT_AJUST_POSIT,DOC_ARQ/LISTA_INFORM/APLIC_ATIVO/MERC_DERIVATIVO/VL_MERC_FUT_AJUST_POSIT,VALOR DO MERCADO FUTURO  AJUSTES POSITIVOS,0.0,0.0,0.0,0.0,0.0,0.0,0.0,0.0,0.0,0.0,0.0
APLIC_ATIVO,MERC_DERIVATIVO,VL_DIFER_SWAP_RECEB,DOC_ARQ/LISTA_INFORM/APLIC_ATIVO/MERC_DERIVATIVO/VL_DIFER_SWAP_RECEB,VALOR DO DIFERENCIAL DE SWAP A RECEBER,0.0,0.0,0.0,0.0,0.0,0.0,0.0,0.0,0.0,0.0,0.0
APLIC_ATIVO,MERC_DERIVATIVO,VL_COBERT_PREST,DOC_ARQ/LISTA_INFORM/APLIC_ATIVO/MERC_DERIVATIVO/VL_COBERT_PREST,VALOR DAS COBERTURAS PRESTADAS,0.0,0.0,0.0,0.0,0.0,0.0,0.0,0.0,0.0,0.0,0.0
APLIC_ATIVO,MERC_DERIVATIVO,VL_DEPOS_MARGEM,DOC_ARQ/LISTA_INFORM/APLIC_ATIVO/MERC_DERIVATIVO/VL_DEPOS_MARGEM,VALOR DOS DEPÓSITOS DE MARGEM,0.0,0.0,0.0,0.0,0.0,0.0,0.0,0.0,0.0,0.0,0.0
APLIC_ATIVO,OUTROS_ATIVOS,VL_SOM_OUTROS_ATIVOS,DOC_ARQ/LISTA_INFORM/APLIC_ATIVO/OUTROS_ATIVOS/VL_SOM_OUTROS_ATIVOS,"VALOR DO SOMATÓRIO CONFORME ITEM 6 - SOMATÓRIO DE OUTROS ATIVOS, DAS OBSERVAÇÕES IMPORTANTES",0.0,0.0,0.0,54984.97,675350.26,0.0,0.0,0.0,0.0,11753.15,0.0
APLIC_ATIVO,OUTROS_ATIVOS,VL_OUTRO_VL_RECEB_CURPRZ,DOC_ARQ/LISTA_INFORM/APLIC_ATIVO/OUTROS_ATIVOS/VL_OUTRO_VL_RECEB_CURPRZ,VALOR DE CURTO PRAZO (REALIZAÇÃO EM ATÉ 12 MESES DA DATA DO INFORME),0.0,0.0,0.0,54984.97,675350.26,0.0,0.0,0.0,0.0,11753.15,0.0
APLIC_ATIVO,OUTROS_ATIVOS,VL_OUTRO_VL_RECEB_LPRAZO,DOC_ARQ/LISTA_INFORM/APLIC_ATIVO/OUTROS_ATIVOS/VL_OUTRO_VL_RECEB_LPRAZO,VALOR DE LONGO PRAZO (REALIZAÇÃO APÓS 12 MESES DA DATA DO INFORME),0.0,0.0,0.0,0.0,0.0,0.0,0.0,0.0,0.0,0.0,0.0
APLIC_ATIVO,,VL_SOM_APLIC_ATIVO,DOC_ARQ/LISTA_INFORM/APLIC_ATIVO/VL_SOM_APLIC_ATIVO,"VALOR DO SOMATÓRIO DE ITENS DE APLICAÇÃO ATIVOS CONFORME ITEM 1 - SOMATÓRIO DE ATIVOS, DAS OBSERVAÇÕES IMPORTANTES",1890524044.08,1807347929.45,1779156281.22,1696792714.75,1676798496.84,1673103082.77,1704229712.59,1561129068.0,1591657735.1,1641113251.38,1698008467.93
CART_SEGMT,,VL_SOM_CART_SEGMT,DOC_ARQ/LISTA_INFORM/CART_SEGMT/VL_SOM_CART_SEGMT,"VALOR DO SOMATÓRIO CONFORME ITEM 7 - SOMATÓRIO DE CARTEIRA POR SEGMENTO, DAS OBSERVAÇÕES IMPORTANTES",2918535429.48,2929957167.75,2807673122.85,2806655110.43,2860261957.27,2641703774.12,2555708900.34,2476134814.65,2429074615.44,2439769354.53,2702048277.71
CART_SEGMT,,VL_IND,DOC_ARQ/LISTA_INFORM/CART_SEGMT/VL_IND,VALOR INDUSTRIAL,0.0,0.0,0.0,0.0,0.0,0.0,0.0,0.0,0.0,0.0,0.0
CART_SEGMT,,VL_MERC_IMOBIL,DOC_ARQ/LISTA_INFORM/CART_SEGMT/VL_MERC_IMOBIL,VALOR DO MERCADO IMOBILIÁRIO (NÃO FINANCEIRO - VER ITENS F6 E F7 ABAIXO),0.0,0.0,0.0,0.0,0.0,0.0,0.0,0.0,0.0,0.0,0.0
CART_SEGMT,SEGMT_COMERC,VL_SOM_SEGMT_COMERC,DOC_ARQ/LISTA_INFORM/CART_SEGMT/SEGMT_COMERC/VL_SOM_SEGMT_COMERC,"VALOR DO SOMATÓRIO CONFORME ITEM 8 - SOMATÓRIO DE COMERCIAL, DAS OBSERVAÇÕES IMPORTANTES",2918535429.48,2929957167.75,2807673122.85,2806655110.43,2860261957.27,2641703774.12,2555708900.34,2476134814.65,2429074615.44,2439769354.53,2702048277.71
CART_SEGMT,SEGMT_COMERC,VL_COMERC,DOC_ARQ/LISTA_INFORM/CART_SEGMT/SEGMT_COMERC/VL_COMERC,VALOR COMERCIAL,2918535429.48,2929957167.75,2807673122.85,2806655110.43,2860261957.27,2641703774.12,2555708900.34,2476134814.65,2429074615.44,2439769354.53,2702048277.71
CART_SEGMT,SEGMT_COMERC,VL_COMERC_VARJ,DOC_ARQ/LISTA_INFORM/CART_SEGMT/SEGMT_COMERC/VL_COMERC_VARJ,VALOR COMERCIAL - VAREJO,0.0,0.0,0.0,0.0,0.0,0.0,0.0,0.0,0.0,0.0,0.0
CART_SEGMT,SEGMT_COMERC,VL_ARREND_MERCNT,DOC_ARQ/LISTA_INFORM/CART_SEGMT/SEGMT_COMERC/VL_ARREND_MERCNT,VALOR DE ARRENDAMENTO MERCANTIL,0.0,0.0,0.0,0.0,0.0,0.0,0.0,0.0,0.0,0.0,0.0
CART_SEGMT,SEGMT_SERV,VL_SOM_SEGMT_SERV,DOC_ARQ/LISTA_INFORM/CART_SEGMT/SEGMT_SERV/VL_SOM_SEGMT_SERV,"VALOR DO SOMATÓRIO CONFORME ITEM 9 - SOMATÓRIO DE SERVIÇOS, DAS OBSERVAÇÕES IMPORTANTES",0.0,0.0,0.0,0.0,0.0,0.0,0.0,0.0,0.0,0.0,0.0
CART_SEGMT,SEGMT_SERV,VL_SERV,DOC_ARQ/LISTA_INFORM/CART_SEGMT/SEGMT_SERV/VL_SERV,VALOR DOS SERVIÇOS,0.0,0.0,0.0,0.0,0.0,0.0,0.0,0.0,0.0,0.0,0.0
CART_SEGMT,SEGMT_SERV,VL_SERV_PUBLIC,DOC_ARQ/LISTA_INFORM/CART_SEGMT/SEGMT_SERV/VL_SERV_PUBLIC,"VALOR DE SERVIÇOS PÚBLICOS (ELETRICIDADE, TELEFONIA, TRANSPORTE, SANEAMENTO, ETC)",0.0,0.0,0.0,0.0,0.0,0.0,0.0,0.0,0.0,0.0,0.0
CART_SEGMT,SEGMT_SERV,VL_SERV_EDUC,DOC_ARQ/LISTA_INFORM/CART_SEGMT/SEGMT_SERV/VL_SERV_EDUC,VALOR DOS SERVIÇOS EDUCACIONAIS,0.0,0.0,0.0,0.0,0.0,0.0,0.0,0.0,0.0,0.0,0.0
CART_SEGMT,SEGMT_SERV,VL_SERV_ENTRETEN,DOC_ARQ/LISTA_INFORM/CART_SEGMT/SEGMT_SERV/VL_SERV_ENTRETEN,VALOR DO ENTRETENIMENTO,0.0,0.0,0.0,0.0,0.0,0.0,0.0,0.0,0.0,0.0,0.0
CART_SEGMT,,VL_AGRONEG,DOC_ARQ/LISTA_INFORM/CART_SEGMT/VL_AGRONEG,VALOR DO AGRONEGÓCIO,0.0,0.0,0.0,0.0,0.0,0.0,0.0,0.0,0.0,0.0,0.0
CART_SEGMT,SEGMT_FINANC,VL_SOM_SEGMT_FINANC,DOC_ARQ/LISTA_INFORM/CART_SEGMT/SEGMT_FINANC/VL_SOM_SEGMT_FINANC,"VALOR DO SOMATÓRIO CONFORME ITEM 10 - SOMATÓRIO DE FINANCEIRO, DAS OBSERVAÇÕES IMPORTANTES",0.0,0.0,0.0,0.0,0.0,0.0,0.0,0.0,0.0,0.0,0.0
CART_SEGMT,SEGMT_FINANC,VL_FINANC_CRED_PESSOA,DOC_ARQ/LISTA_INFORM/CART_SEGMT/SEGMT_FINANC/VL_FINANC_CRED_PESSOA,VALOR DO CRÉDITO PESSOAL,0.0,0.0,0.0,0.0,0.0,0.0,0.0,0.0,0.0,0.0,0.0
CART_SEGMT,SEGMT_FINANC,VL_FINANC_CRED_PESSOA_CONSIG,DOC_ARQ/LISTA_INFORM/CART_SEGMT/SEGMT_FINANC/VL_FINANC_CRED_PESSOA_CONSIG,VALOR DO CRÉDITO PESSOAL CONSIGNADO,0.0,0.0,0.0,0.0,0.0,0.0,0.0,0.0,0.0,0.0,0.0
CART_SEGMT,SEGMT_FINANC,VL_FINANC_CRED_CORPOR,DOC_ARQ/LISTA_INFORM/CART_SEGMT/SEGMT_FINANC/VL_FINANC_CRED_CORPOR,VALOR DO CRÉDITO CORPORATIVO,0.0,0.0,0.0,0.0,0.0,0.0,0.0,0.0,0.0,0.0,0.0
CART_SEGMT,SEGMT_FINANC,VL_FINANC_MMARKET,DOC_ARQ/LISTA_INFORM/CART_SEGMT/SEGMT_FINANC/VL_FINANC_MMARKET,VALOR DO MIDDLE MARKET,0.0,0.0,0.0,0.0,0.0,0.0,0.0,0.0,0.0,0.0,0.0
CART_SEGMT,SEGMT_FINANC,VL_FINANC_VEICL,DOC_ARQ/LISTA_INFORM/CART_SEGMT/SEGMT_FINANC/VL_FINANC_VEICL,VALOR DOS VEÍCULOS,0.0,0.0,0.0,0.0,0.0,0.0,0.0,0.0,0.0,0.0,0.0
CART_SEGMT,SEGMT_FINANC,VL_FINANC_IMOBIL_EMPSRL,DOC_ARQ/LISTA_INFORM/CART_SEGMT/SEGMT_FINANC/VL_FINANC_IMOBIL_EMPSRL,VALOR DA CARTEIRA IMOBILIÁRIA - EMPRESARIAL,0.0,0.0,0.0,0.0,0.0,0.0,0.0,0.0,0.0,0.0,0.0
CART_SEGMT,SEGMT_FINANC,VL_FINANC_IMOBIL_RESID,DOC_ARQ/LISTA_INFORM/CART_SEGMT/SEGMT_FINANC/VL_FINANC_IMOBIL_RESID,VALOR DA CARTEIRA IMOBILIÁRIA - RESIDENCIAL,0.0,0.0,0.0,0.0,0.0,0.0,0.0,0.0,0.0,0.0,0.0
CART_SEGMT,SEGMT_FINANC,VL_FINANC_OUTRO,DOC_ARQ/LISTA_INFORM/CART_SEGMT/SEGMT_FINANC/VL_FINANC_OUTRO,SUBSTITUA ESTA FRASE POR OUTROS VALORES,0.0,0.0,0.0,0.0,0.0,0.0,0.0,0.0,0.0,0.0,0.0
CART_SEGMT,,VL_CART_CRED,DOC_ARQ/LISTA_INFORM/CART_SEGMT/VL_CART_CRED,VALOR DO CARTÃO DE CRÉDITO,0.0,0.0,0.0,0.0,0.0,0.0,0.0,0.0,0.0,0.0,0.0
CART_SEGMT,SEGMT_FACT,VL_SOM_SEGMT_FACT,DOC_ARQ/LISTA_INFORM/CART_SEGMT/SEGMT_FACT/VL_SOM_SEGMT_FACT,"VALOR DO SOMATÓRIO CONFORME ITEM 11 - SOMATÓRIO DE FACTORING, DAS OBSERVAÇÕES IMPORTANTES",0.0,0.0,0.0,0.0,0.0,0.0,0.0,0.0,0.0,0.0,0.0
CART_SEGMT,SEGMT_FACT,VL_FACT_PESSOA,DOC_ARQ/LISTA_INFORM/CART_SEGMT/SEGMT_FACT/VL_FACT_PESSOA,VALOR DO FACTORING - PESSOAL (PERFIL DO SACADO),0.0,0.0,0.0,0.0,0.0,0.0,0.0,0.0,0.0,0.0,0.0
CART_SEGMT,SEGMT_FACT,VL_FACT_CORPOR,DOC_ARQ/LISTA_INFORM/CART_SEGMT/SEGMT_FACT/VL_FACT_CORPOR,VALOR DO FACTORING - CORPORATIVO (PERFIL DO SACADO),0.0,0.0,0.0,0.0,0.0,0.0,0.0,0.0,0.0,0.0,0.0
CART_SEGMT,SEGMT_SETOR_PUBLIC,VL_SOM_SEGMT_SETOR_PUBLIC,DOC_ARQ/LISTA_INFORM/CART_SEGMT/SEGMT_SETOR_PUBLIC/VL_SOM_SEGMT_SETOR_PUBLIC,"VALOR DO SOMATÓRIO CONFORME ITEM 12 - SOMATÓRIO DE SETOR PÚBLICO (ART. 1º, §1º, II, ICVM 444), DAS OBSERVAÇÕES IMPORTANTES",0.0,0.0,0.0,0.0,0.0,0.0,0.0,0.0,0.0,0.0,0.0
CART_SEGMT,SEGMT_SETOR_PUBLIC,VL_SETOR_PUBLIC_PRECAT,DOC_ARQ/LISTA_INFORM/CART_SEGMT/SEGMT_SETOR_PUBLIC/VL_SETOR_PUBLIC_PRECAT,VALOR DOS PRECATÓRIOS,0.0,0.0,0.0,0.0,0.0,0.0,0.0,0.0,0.0,0.0,0.0
CART_SEGMT,SEGMT_SETOR_PUBLIC,VL_SETOR_PUBLIC_CRED_TRIBUT,DOC_ARQ/LISTA_INFORM/CART_SEGMT/SEGMT_SETOR_PUBLIC/VL_SETOR_PUBLIC_CRED_TRIBUT,VALOR DOS CRÉDITOS TRIBUTÁRIOS,0.0,0.0,0.0,0.0,0.0,0.0,0.0,0.0,0.0,0.0,0.0
CART_SEGMT,SEGMT_SETOR_PUBLIC,VL_SETOR_PUBLIC_ROYA,DOC_ARQ/LISTA_INFORM/CART_SEGMT/SEGMT_SETOR_PUBLIC/VL_SETOR_PUBLIC_ROYA,VALOR DOS ROYALTIES,0.0,0.0,0.0,0.0,0.0,0.0,0.0,0.0,0.0,0.0,0.0
CART_SEGMT,SEGMT_SETOR_PUBLIC,VL_SETOR_PUBLIC_OUTRO,DOC_ARQ/LISTA_INFORM/CART_SEGMT/SEGMT_SETOR_PUBLIC/VL_SETOR_PUBLIC_OUTRO,SUBSTITUA ESTA FRASE POR OUTROS VALORES,0.0,0.0,0.0,0.0,0.0,0.0,0.0,0.0,0.0,0.0,0.0
CART_SEGMT,,VL_ACAO_JUDIC,DOC_ARQ/LISTA_INFORM/CART_SEGMT/VL_ACAO_JUDIC,"VALOR DE AÇÕES JUDICIAIS (ART. 1º, §1º, III, ICVM 444)",0.0,0.0,0.0,0.0,0.0,0.0,0.0,0.0,0.0,0.0,0.0
CART_SEGMT,,VL_PROPRD_MARCA_PATENT,DOC_ARQ/LISTA_INFORM/CART_SEGMT/VL_PROPRD_MARCA_PATENT,VALOR DE PROPRIEDADE INTELECTUAL E MARCAS & PATENTES,0.0,0.0,0.0,0.0,0.0,0.0,0.0,0.0,0.0,0.0,0.0
PASSIV,,VL_SOM_PASSIV,DOC_ARQ/LISTA_INFORM/PASSIV/VL_SOM_PASSIV,"VALOR DO SOMATÓRIO CONFORME ITEM 13 - SOMATÓRIO DE PASSIVO (R$), DAS OBSERVAÇÕES IMPORTANTES",5546433.37,5468343.53,5460571.67,9761824.01,4841913.75,4995635.6,8864993.41,4892797.51,4261453.66,3780070.37,8119358.55
PASSIV,PASSIV_VALORES,VL_SOM_PASSIV_VALORES,DOC_ARQ/LISTA_INFORM/PASSIV/PASSIV_VALORES/VL_SOM_PASSIV_VALORES,"VALOR DO SOMATÓRIO CONFORME ITEM 14 - SOMATÓRIO DE VALORES A PAGAR, DAS OBSERVAÇÕES IMPORTANTES",5546433.37,5468343.53,5460571.67,9761824.01,4841913.75,4995635.6,8864993.41,4892797.51,4261453.66,3780070.37,8119358.55
PASSIV,PASSIV_VALORES,VL_PGTO_CURPRZ,DOC_ARQ/LISTA_INFORM/PASSIV/PASSIV_VALORES/VL_PGTO_CURPRZ,SUBSTITUA ESTA FRASE POR VALOR DE CURTO PRAZO,5546433.37,5468343.53,445816.12,9761824.01,4841913.75,4995635.6,8864993.41,4892797.51,4261453.66,3780070.37,8119358.55
PASSIV,PASSIV_VALORES,VL_PGTO_LPRAZO,DOC_ARQ/LISTA_INFORM/PASSIV/PASSIV_VALORES/VL_PGTO_LPRAZO,SUBSTITUA ESTA FRASE POR VALORES DE LONGO PRAZO,0.0,0.0,5014755.55,0.0,0.0,0.0,0.0,0.0,0.0,0.0,0.0
PASSIV,PASSIV_POSICOES,VL_SOM_PASSIV_POSICOES,DOC_ARQ/LISTA_INFORM/PASSIV/PASSIV_POSICOES/VL_SOM_PASSIV_POSICOES,"VALOR DO SOMATÓRIO CONFORME ITEM 15 - SOMATÓRIO DE POSIÇÕES MANTIDAS EM MERCADO DE DERIVATIVOS, DAS OBSERVAÇÕES IMPORTANTES",0.0,0.0,0.0,0.0,0.0,0.0,0.0,0.0,0.0,0.0,0.0
PASSIV,PASSIV_POSICOES,VL_POS_MANT_VEND,DOC_ARQ/LISTA_INFORM/PASSIV/PASSIV_POSICOES/VL_POS_MANT_VEND,SUBSTITUA ESTA FRASE POR VALORES DE MERCADO A TERMO (POSIÇÕES VENDIDAS),0.0,0.0,0.0,0.0,0.0,0.0,0.0,0.0,0.0,0.0,0.0
PASSIV,PASSIV_POSICOES,VL_POS_MANT_LANC,DOC_ARQ/LISTA_INFORM/PASSIV/PASSIV_POSICOES/VL_POS_MANT_LANC,SUBSTITUA ESTA FRASE POR VALORES DE MERCADO DE OPÇÕES (POSIÇÕES LANÇADAS),0.0,0.0,0.0,0.0,0.0,0.0,0.0,0.0,0.0,0.0,0.0
PASSIV,PASSIV_POSICOES,VL_POS_MANT_AJT_FUT,DOC_ARQ/LISTA_INFORM/PASSIV/PASSIV_POSICOES/VL_POS_MANT_AJT_FUT,SUBSTITUA ESTA FRASE POR VALORES DE MERCADO FUTURO (AJUSTES NEGATIVOS),0.0,0.0,0.0,0.0,0.0,0.0,0.0,0.0,0.0,0.0,0.0
PASSIV,PASSIV_POSICOES,VL_POS_MANT_SWAP_PAGAR,DOC_ARQ/LISTA_INFORM/PASSIV/PASSIV_POSICOES/VL_POS_MANT_SWAP_PAGAR,SUBSTITUA ESTA FRASE POR VALORES DE DIFERENCIAL DE SWAP A PAGAR,0.0,0.0,0.0,0.0,0.0,0.0,0.0,0.0,0.0,0.0,0.0
PATRLIQ,,VL_SOM_PATRLIQ,DOC_ARQ/LISTA_INFORM/PATRLIQ/VL_SOM_PATRLIQ,"VALOR DO SOMATÓRIO CONFORME ITEM 16 - SOMATÓRIO DE PATRIMÔNIO LÍQUIDO (R$), DAS OBSERVAÇÕES IMPORTANTES",1884977610.71,1801879585.92,1773695709.55,1687030890.74,1671956583.09,1668107447.17,1695364719.18,1556236270.49,1587396281.44,1637333181.01,1689889109.38
PATRLIQ,,VL_PATRIM_LIQ,DOC_ARQ/LISTA_INFORM/PATRLIQ/VL_PATRIM_LIQ,VALOR DO PATRIMÔNIO LÍQUIDO,1884977610.71,1801879585.92,1773695709.55,1687030890.74,1671956583.09,1668107447.17,1695364719.18,1556236270.49,1587396281.44,1637333181.01,1689889109.38
PATRLIQ,,VL_PATRIM_LIQ_MEDIO,DOC_ARQ/LISTA_INFORM/PATRLIQ/VL_PATRIM_LIQ_MEDIO,VALOR DO PATRIMÔNIO LÍQUIDO MÉDIO (ÚLTIMOS TRÊS MESES),1926220455.48,1625224722.38,1681055073.29,1754202062.07,1710894394.46,1675698307.0,1678476249.81,1639902812.28,1612999090.37,1593655244.26,1638206190.58
COMPMT_DICRED_AQUIS,,VL_SOM_PRAZO_VENC,DOC_ARQ/LISTA_INFORM/COMPMT_DICRED_AQUIS/VL_SOM_PRAZO_VENC,"VALOR DO SOMATÓRIO CONFORME ITEM 17 - SOMATÓRIO POR PRAZO DE VENCIMENTO (R$), DAS OBSERVAÇÕES IMPORTANTES",1997516372.86,1966114998.24,1953984246.4,1900806241.14,1893073833.45,1895587100.35,1861796845.04,1794573425.79,1799122303.8,1853576625.64,2076571242.05
COMPMT_DICRED_AQUIS,,VL_PRAZO_VENC_30,DOC_ARQ/LISTA_INFORM/COMPMT_DICRED_AQUIS/VL_PRAZO_VENC_30,VALOR POR PRAZO DE VENCIMENTO ATÉ 30 DIAS,353230692.01,405327868.12,450874413.84,413273022.47,424101919.41,424807476.79,335904822.41,335492007.02,338508334.81,433352225.06,534905295.12
COMPMT_DICRED_AQUIS,,VL_PRAZO_VENC_31_60,DOC_ARQ/LISTA_INFORM/COMPMT_DICRED_AQUIS/VL_PRAZO_VENC_31_60,VALOR POR PRAZO DE VENCIMENTO DE 31 A 60 DIAS,201308302.28,165020396.82,220862365.48,249212988.17,245339781.52,255904374.02,236622469.68,210646055.58,378017158.4,519308715.25,393184399.88
COMPMT_DICRED_AQUIS,,VL_PRAZO_VENC_61_90,DOC_ARQ/LISTA_INFORM/COMPMT_DICRED_AQUIS/VL_PRAZO_VENC_61_90,VALOR POR PRAZO DE VENCIMENTO DE 61 A 90 DIAS,143899038.99,173175415.03,188640755.45,188025275.99,241657842.21,208801624.97,274358712.5,383471658.53,432258213.7,365679964.98,309003070.5
COMPMT_DICRED_AQUIS,,VL_PRAZO_VENC_91_120,DOC_ARQ/LISTA_INFORM/COMPMT_DICRED_AQUIS/VL_PRAZO_VENC_91_120,VALOR POR PRAZO DE VENCIMENTO DE 91 A 120 DIAS,152875271.18,184565822.43,187039335.66,208897727.72,157168185.72,170954296.81,268594692.82,393548364.4,316365470.75,161336001.73,224876673.25
COMPMT_DICRED_AQUIS,,VL_PRAZO_VENC_121_150,DOC_ARQ/LISTA_INFORM/COMPMT_DICRED_AQUIS/VL_PRAZO_VENC_121_150,VALOR POR PRAZO DE VENCIMENTO DE 121 A 150 DIAS,138334737.89,142643696.1,142564760.93,123570148.46,148973788.7,281806496.84,336252855.86,296255916.61,169661267.89,177385884.29,180973827.09
COMPMT_DICRED_AQUIS,,VL_PRAZO_VENC_151_180,DOC_ARQ/LISTA_INFORM/COMPMT_DICRED_AQUIS/VL_PRAZO_VENC_151_180,VALOR POR PRAZO DE VENCIMENTO DE 151 A 180 DIAS,144143654.28,159222386.63,91165143.03,146242605.41,201803087.04,333942590.33,346942956.38,123802413.13,111508888.18,135683591.78,123254564.6
COMPMT_DICRED_AQUIS,,VL_PRAZO_VENC_181_360,DOC_ARQ/LISTA_INFORM/COMPMT_DICRED_AQUIS/VL_PRAZO_VENC_181_360,VALOR POR PRAZO DE VENCIMENTO DE 181 A 360 DIAS,837945700.6,717544329.07,655608555.01,555598696.81,460029740.13,210521056.96,59665660.48,48653285.07,50175605.72,58287851.94,285885162.56
COMPMT_DICRED_AQUIS,,VL_PRAZO_VENC_361_720,DOC_ARQ/LISTA_INFORM/COMPMT_DICRED_AQUIS/VL_PRAZO_VENC_361_720,VALOR POR PRAZO DE VENCIMENTO DE 361 A 720 DIAS,25778975.63,18615084.04,17228917.0,15985776.11,13999488.72,8849183.63,3454674.91,2703725.45,2627364.35,2542390.61,24488249.05
COMPMT_DICRED_AQUIS,,VL_PRAZO_VENC_721_1080,DOC_ARQ/LISTA_INFORM/COMPMT_DICRED_AQUIS/VL_PRAZO_VENC_721_1080,VALOR POR PRAZO DE VENCIMENTO DE 721 A 1080 DIAS,0.0,0.0,0.0,0.0,0.0,0.0,0.0,0.0,0.0,0.0,0.0
COMPMT_DICRED_AQUIS,,VL_PRAZO_VENC_1080,DOC_ARQ/LISTA_INFORM/COMPMT_DICRED_AQUIS/VL_PRAZO_VENC_1080,VALOR POR PRAZO DE VENCIMENTO ACIMA DE 1080 DIAS,0.0,0.0,0.0,0.0,0.0,0.0,0.0,0.0,0.0,0.0,0.0
COMPMT_DICRED_AQUIS,,VL_SOM_INAD_VENC,DOC_ARQ/LISTA_INFORM/COMPMT_DICRED_AQUIS/VL_SOM_INAD_VENC,"VALOR DO SOMATÓRIO CONFORME ITEM 18 - SOMATÓRIO DE INADIMPLENTES (VALOR DAS PARCELAS INADIMPLENTES, EM R$), DAS OBSERVAÇÕES IMPORTANTES",921019056.62,963842169.51,853688876.45,905848869.29,967188123.82,746116673.77,693912055.3,681561388.86,629952311.64,586192728.89,625477035.66
COMPMT_DICRED_AQUIS,,VL_INAD_VENC_30,DOC_ARQ/LISTA_INFORM/COMPMT_DICRED_AQUIS/VL_INAD_VENC_30,SUBSTITUA ESTA FRASE POR VALORES VENCIDOS E NÃO PAGOS ENTRE 1 E 30 DIAS,106038687.66,94931796.09,102363947.06,105755936.64,125878542.93,106275507.26,97939345.3,96812053.27,81653441.46,91707227.82,152823422.49
COMPMT_DICRED_AQUIS,,VL_INAD_VENC_31_60,DOC_ARQ/LISTA_INFORM/COMPMT_DICRED_AQUIS/VL_INAD_VENC_31_60,SUBSTITUA ESTA FRASE POR VALORES VENCIDOS E NÃO PAGOS ENTRE 31 E 60 DIAS,99276532.67,74746379.08,85442246.0,80995911.26,68109738.09,84846065.99,79073173.09,84287995.62,69349941.65,53162289.47,59519590.66
COMPMT_DICRED_AQUIS,,VL_INAD_VENC_61_90,DOC_ARQ/LISTA_INFORM/COMPMT_DICRED_AQUIS/VL_INAD_VENC_61_90,SUBSTITUA ESTA FRASE POR VALORES VENCIDOS E NÃO PAGOS ENTRE 61 E 90 DIAS,99029280.58,92558061.44,68852822.4,70692826.9,67354376.35,57153418.75,61925447.57,62805482.44,74575873.27,52378919.7,50456579.42
COMPMT_DICRED_AQUIS,,VL_INAD_VENC_91_120,DOC_ARQ/LISTA_INFORM/COMPMT_DICRED_AQUIS/VL_INAD_VENC_91_120,SUBSTITUA ESTA FRASE POR VALORES VENCIDOS E NÃO PAGOS ENTRE 91 E 120 DIAS,92250575.64,97718155.19,81496513.23,66387885.66,80821433.74,57714116.62,55296229.31,65737287.71,55775805.03,70590611.89,54934915.69
COMPMT_DICRED_AQUIS,,VL_INAD_VENC_121_150,DOC_ARQ/LISTA_INFORM/COMPMT_DICRED_AQUIS/VL_INAD_VENC_121_150,SUBSTITUA ESTA FRASE POR VALORES VENCIDOS E NÃO PAGOS ENTRE 121 E 150 DIAS,81653666.93,89209358.01,85639448.56,80386229.86,56764997.55,72140305.63,52191840.08,51077712.28,57368311.44,51705320.64,55649760.17
COMPMT_DICRED_AQUIS,,VL_INAD_VENC_151_180,DOC_ARQ/LISTA_INFORM/COMPMT_DICRED_AQUIS/VL_INAD_VENC_151_180,SUBSTITUA ESTA FRASE POR VALORES VENCIDOS E NÃO PAGOS ENTRE 151 E 180 DIAS,86366016.75,79197627.44,82553234.53,81688526.08,81904639.48,54994680.39,66542222.76,46781809.21,46996212.03,52132372.3,47515780.52
COMPMT_DICRED_AQUIS,,VL_INAD_VENC_181_360,DOC_ARQ/LISTA_INFORM/COMPMT_DICRED_AQUIS/VL_INAD_VENC_181_360,SUBSTITUA ESTA FRASE POR VALORES VENCIDOS E NÃO PAGOS ENTRE 181 E 360 DIAS,356404296.39,399918831.71,347340664.67,387740878.48,404242176.22,312992579.13,280943797.19,274059048.33,244232726.76,214515987.07,204576986.71
COMPMT_DICRED_AQUIS,,VL_INAD_VENC_361_720,DOC_ARQ/LISTA_INFORM/COMPMT_DICRED_AQUIS/VL_INAD_VENC_361_720,SUBSTITUA ESTA FRASE POR VALORES VENCIDOS E NÃO PAGOS ENTRE 361 E 720 DIAS,0.0,35561960.55,0.0,32200674.41,82112219.46,0.0,0.0,0.0,0.0,0.0,0.0
COMPMT_DICRED_AQUIS,,VL_INAD_VENC_721_1080,DOC_ARQ/LISTA_INFORM/COMPMT_DICRED_AQUIS/VL_INAD_VENC_721_1080,SUBSTITUA ESTA FRASE POR VALORES VENCIDOS E NÃO PAGOS ENTRE 721 E 1080 DIAS,0.0,0.0,0.0,0.0,0.0,0.0,0.0,0.0,0.0,0.0,0.0
COMPMT_DICRED_AQUIS,,VL_INAD_VENC_1080,DOC_ARQ/LISTA_INFORM/COMPMT_DICRED_AQUIS/VL_INAD_VENC_1080,SUBSTITUA ESTA FRASE POR VALORES VENCIDOS E NÃO PAGOS ACIMA DE 1080 DIAS,0.0,0.0,0.0,0.0,0.0,0.0,0.0,0.0,0.0,0.0,0.0
COMPMT_DICRED_AQUIS,,VL_SOM_PAGO_ANTCP,DOC_ARQ/LISTA_INFORM/COMPMT_DICRED_AQUIS/VL_SOM_PAGO_ANTCP,"VALOR DO SOMATÓRIO CONFORME ITEM 19 - PAGOS ANTECIPADAMENTE (R$), DAS OBSERVAÇÕES IMPORTANTES",297035143.58,312632831.63,330670481.6,348832092.04,365929311.53,0.0,308714642.06,0.0,274524867.61,0.0,0.0
COMPMT_DICRED_AQUIS,,VL_PAGO_ANTCP_30,DOC_ARQ/LISTA_INFORM/COMPMT_DICRED_AQUIS/VL_PAGO_ANTCP_30,SUBSTITUA ESTA FRASE POR VALORES PAGOS ANTECIPADAMENTE ENTRE 1 E 30 DIAS DO VENCIMENTO,223620793.77,237975355.05,254248831.26,272852503.05,284021015.66,0.0,236002358.36,0.0,206707284.72,0.0,0.0
COMPMT_DICRED_AQUIS,,VL_PAGO_ANTCP_31_60,DOC_ARQ/LISTA_INFORM/COMPMT_DICRED_AQUIS/VL_PAGO_ANTCP_31_60,SUBSTITUA ESTA FRASE POR VALORES PAGOS ANTECIPADAMENTE ENTRE 31 E 60 DIAS DO VENCIMENTO,22657295.15,24646697.89,30310725.2,33734704.92,35683238.44,0.0,32358106.31,0.0,34752286.46,0.0,0.0
COMPMT_DICRED_AQUIS,,VL_PAGO_ANTCP_61_90,DOC_ARQ/LISTA_INFORM/COMPMT_DICRED_AQUIS/VL_PAGO_ANTCP_61_90,SUBSTITUA ESTA FRASE POR VALORES PAGOS ANTECIPADAMENTE ENTRE 61 E 90 DIAS DO VENCIMENTO,10969784.43,13230920.62,16286986.23,15545144.1,18500323.67,0.0,16836838.84,0.0,15273934.99,0.0,0.0
COMPMT_DICRED_AQUIS,,VL_PAGO_ANTCP_91_120,DOC_ARQ/LISTA_INFORM/COMPMT_DICRED_AQUIS/VL_PAGO_ANTCP_91_120,SUBSTITUA ESTA FRASE POR VALORES PAGOS ANTECIPADAMENTE ENTRE 91 E 120 DIAS DO VENCIMENTO,7697763.76,8931449.87,9271808.16,9682639.9,10487683.42,0.0,11451036.24,0.0,9044660.48,0.0,0.0
COMPMT_DICRED_AQUIS,,VL_PAGO_ANTCP_121_150,DOC_ARQ/LISTA_INFORM/COMPMT_DICRED_AQUIS/VL_PAGO_ANTCP_121_150,SUBSTITUA ESTA FRASE POR VALORES PAGOS ANTECIPADAMENTE ENTRE 121 E 150 DIAS DO VENCIMENTO,6193765.55,6047730.83,6454627.03,5834093.98,6796629.37,0.0,6216148.69,0.0,4792476.83,0.0,0.0
COMPMT_DICRED_AQUIS,,VL_PAGO_ANTCP_151_180,DOC_ARQ/LISTA_INFORM/COMPMT_DICRED_AQUIS/VL_PAGO_ANTCP_151_180,SUBSTITUA ESTA FRASE POR VALORES PAGOS ANTECIPADAMENTE ENTRE 151 E 180 DIAS DO VENCIMENTO,4729284.16,4938022.79,4235163.5,4127931.08,5209647.53,0.0,4212857.5,0.0,2975195.05,0.0,0.0
COMPMT_DICRED_AQUIS,,VL_PAGO_ANTCP_181_360,DOC_ARQ/LISTA_INFORM/COMPMT_DICRED_AQUIS/VL_PAGO_ANTCP_181_360,SUBSTITUA ESTA FRASE POR VALORES PAGOS ANTECIPADAMENTE ENTRE 181 E 360 DIAS DO VENCIMENTO,20721278.78,16576340.7,9807543.89,6951431.37,5025084.89,0.0,1591829.61,0.0,977787.84,0.0,0.0
COMPMT_DICRED_AQUIS,,VL_PAGO_ANTCP_361_720,DOC_ARQ/LISTA_INFORM/COMPMT_DICRED_AQUIS/VL_PAGO_ANTCP_361_720,SUBSTITUA ESTA FRASE POR VALORES PAGOS ANTECIPADAMENTE ENTRE 361 E 720 DIAS DO VENCIMENTO,445101.19,286313.88,54796.33,103643.64,205688.55,0.0,45466.51,0.0,1241.24,0.0,0.0
COMPMT_DICRED_AQUIS,,VL_PAGO_ANTCP_721_1080,DOC_ARQ/LISTA_INFORM/COMPMT_DICRED_AQUIS/VL_PAGO_ANTCP_721_1080,SUBSTITUA ESTA FRASE POR VALORES PAGOS ANTECIPADAMENTE ENTRE 721 E 1080 DIAS DO VENCIMENTO,76.79,0.0,0.0,0.0,0.0,0.0,0.0,0.0,0.0,0.0,0.0
COMPMT_DICRED_AQUIS,,VL_PAGO_ANTCP_1080,DOC_ARQ/LISTA_INFORM/COMPMT_DICRED_AQUIS/VL_PAGO_ANTCP_1080,SUBSTITUA ESTA FRASE POR VALORES PAGOS ANTECIPADAMENTE ACIMA DE 1080 DIAS DO VENCIMENTO,0.0,0.0,0.0,0.0,0.0,0.0,0.0,0.0,0.0,0.0,0.0
COMPMT_DICRED_SEM_AQUIS,,VL_SOM_PRAZO_VENC,DOC_ARQ/LISTA_INFORM/COMPMT_DICRED_SEM_AQUIS/VL_SOM_PRAZO_VENC,"VALOR DO SOMATÓRIO CONFORME ITEM 20 - SOMATÓRIO POR PRAZO DE VENCIMENTO (R$), DAS OBSERVAÇÕES IMPORTANTES",0.0,0.0,0.0,0.0,0.0,0.0,0.0,0.0,0.0,0.0,0.0
COMPMT_DICRED_SEM_AQUIS,,VL_PRAZO_VENC_30,DOC_ARQ/LISTA_INFORM/COMPMT_DICRED_SEM_AQUIS/VL_PRAZO_VENC_30,VALOR POR PRAZO DE VENCIMENTO DE ATÉ 30 DIAS,0.0,0.0,0.0,0.0,0.0,0.0,0.0,0.0,0.0,0.0,0.0
COMPMT_DICRED_SEM_AQUIS,,VL_PRAZO_VENC_31_60,DOC_ARQ/LISTA_INFORM/COMPMT_DICRED_SEM_AQUIS/VL_PRAZO_VENC_31_60,VALOR POR PRAZO DE VENCIMENTO DE 31 A 60 DIAS,0.0,0.0,0.0,0.0,0.0,0.0,0.0,0.0,0.0,0.0,0.0
COMPMT_DICRED_SEM_AQUIS,,VL_PRAZO_VENC_61_90,DOC_ARQ/LISTA_INFORM/COMPMT_DICRED_SEM_AQUIS/VL_PRAZO_VENC_61_90,VALOR POR PRAZO DE VENCIMENTO DE 61 A 90 DIAS,0.0,0.0,0.0,0.0,0.0,0.0,0.0,0.0,0.0,0.0,0.0
COMPMT_DICRED_SEM_AQUIS,,VL_PRAZO_VENC_91_120,DOC_ARQ/LISTA_INFORM/COMPMT_DICRED_SEM_AQUIS/VL_PRAZO_VENC_91_120,VALOR POR PRAZO DE VENCIMENTO DE 91 A 120 DIAS,0.0,0.0,0.0,0.0,0.0,0.0,0.0,0.0,0.0,0.0,0.0
COMPMT_DICRED_SEM_AQUIS,,VL_PRAZO_VENC_121_150,DOC_ARQ/LISTA_INFORM/COMPMT_DICRED_SEM_AQUIS/VL_PRAZO_VENC_121_150,VALOR POR PRAZO DE VENCIMENTO DE 121 A 150 DIAS,0.0,0.0,0.0,0.0,0.0,0.0,0.0,0.0,0.0,0.0,0.0
COMPMT_DICRED_SEM_AQUIS,,VL_PRAZO_VENC_151_180,DOC_ARQ/LISTA_INFORM/COMPMT_DICRED_SEM_AQUIS/VL_PRAZO_VENC_151_180,VALOR POR PRAZO DE VENCIMENTO DE 151 A 180 DIAS,0.0,0.0,0.0,0.0,0.0,0.0,0.0,0.0,0.0,0.0,0.0
COMPMT_DICRED_SEM_AQUIS,,VL_PRAZO_VENC_181_360,DOC_ARQ/LISTA_INFORM/COMPMT_DICRED_SEM_AQUIS/VL_PRAZO_VENC_181_360,VALOR POR PRAZO DE VENCIMENTO DE 181 A 360 DIAS,0.0,0.0,0.0,0.0,0.0,0.0,0.0,0.0,0.0,0.0,0.0
COMPMT_DICRED_SEM_AQUIS,,VL_PRAZO_VENC_361_720,DOC_ARQ/LISTA_INFORM/COMPMT_DICRED_SEM_AQUIS/VL_PRAZO_VENC_361_720,VALOR POR PRAZO DE VENCIMENTO DE 361 A 720 DIAS,0.0,0.0,0.0,0.0,0.0,0.0,0.0,0.0,0.0,0.0,0.0
COMPMT_DICRED_SEM_AQUIS,,VL_PRAZO_VENC_721_1080,DOC_ARQ/LISTA_INFORM/COMPMT_DICRED_SEM_AQUIS/VL_PRAZO_VENC_721_1080,VALOR POR PRAZO DE VENCIMENTO DE 721 A 1080 DIAS,0.0,0.0,0.0,0.0,0.0,0.0,0.0,0.0,0.0,0.0,0.0
COMPMT_DICRED_SEM_AQUIS,,VL_PRAZO_VENC_1080,DOC_ARQ/LISTA_INFORM/COMPMT_DICRED_SEM_AQUIS/VL_PRAZO_VENC_1080,VALOR POR PRAZO DE VENCIMENTO ACIMA DE 1080 DIAS,0.0,0.0,0.0,0.0,0.0,0.0,0.0,0.0,0.0,0.0,0.0
COMPMT_DICRED_SEM_AQUIS,,VL_SOM_INAD_VENC,DOC_ARQ/LISTA_INFORM/COMPMT_DICRED_SEM_AQUIS/VL_SOM_INAD_VENC,"VALOR DO SOMATÓRIO CONFORME ITEM 21 - SOMATÓRIO DE INADIMPLENTES (VALOR DAS PARCELAS INADIMPLENTES, EM R$), DAS OBSERVAÇÕES IMPORTANTES",0.0,0.0,0.0,0.0,0.0,0.0,0.0,0.0,0.0,0.0,0.0
COMPMT_DICRED_SEM_AQUIS,,VL_INAD_VENC_30,DOC_ARQ/LISTA_INFORM/COMPMT_DICRED_SEM_AQUIS/VL_INAD_VENC_30,VALOR DE PARCELAS VENCIDOS E NÃO PAGOS ENTRE 1 E 30 DIAS,0.0,0.0,0.0,0.0,0.0,0.0,0.0,0.0,0.0,0.0,0.0
COMPMT_DICRED_SEM_AQUIS,,VL_INAD_VENC_31_60,DOC_ARQ/LISTA_INFORM/COMPMT_DICRED_SEM_AQUIS/VL_INAD_VENC_31_60,VALOR DE PARCELAS VENCIDOS E NÃO PAGOS ENTRE 31 E 60 DIAS,0.0,0.0,0.0,0.0,0.0,0.0,0.0,0.0,0.0,0.0,0.0
COMPMT_DICRED_SEM_AQUIS,,VL_INAD_VENC_61_90,DOC_ARQ/LISTA_INFORM/COMPMT_DICRED_SEM_AQUIS/VL_INAD_VENC_61_90,VALOR DE PARCELAS VENCIDOS E NÃO PAGOS ENTRE 61 E 90 DIAS,0.0,0.0,0.0,0.0,0.0,0.0,0.0,0.0,0.0,0.0,0.0
COMPMT_DICRED_SEM_AQUIS,,VL_INAD_VENC_91_120,DOC_ARQ/LISTA_INFORM/COMPMT_DICRED_SEM_AQUIS/VL_INAD_VENC_91_120,VALOR DE PARCELAS VENCIDOS E NÃO PAGOS ENTRE 91 E 120 DIAS,0.0,0.0,0.0,0.0,0.0,0.0,0.0,0.0,0.0,0.0,0.0
COMPMT_DICRED_SEM_AQUIS,,VL_INAD_VENC_121_150,DOC_ARQ/LISTA_INFORM/COMPMT_DICRED_SEM_AQUIS/VL_INAD_VENC_121_150,VALOR DE PARCELAS VENCIDOS E NÃO PAGOS ENTRE 121 E 150 DIAS,0.0,0.0,0.0,0.0,0.0,0.0,0.0,0.0,0.0,0.0,0.0
COMPMT_DICRED_SEM_AQUIS,,VL_INAD_VENC_151_180,DOC_ARQ/LISTA_INFORM/COMPMT_DICRED_SEM_AQUIS/VL_INAD_VENC_151_180,VALOR DE PARCELAS VENCIDOS E NÃO PAGOS ENTRE 151 E 180 DIAS,0.0,0.0,0.0,0.0,0.0,0.0,0.0,0.0,0.0,0.0,0.0
COMPMT_DICRED_SEM_AQUIS,,VL_INAD_VENC_181_360,DOC_ARQ/LISTA_INFORM/COMPMT_DICRED_SEM_AQUIS/VL_INAD_VENC_181_360,VALOR DE PARCELAS VENCIDOS E NÃO PAGOS ENTRE 181 E 360 DIAS,0.0,0.0,0.0,0.0,0.0,0.0,0.0,0.0,0.0,0.0,0.0
COMPMT_DICRED_SEM_AQUIS,,VL_INAD_VENC_361_720,DOC_ARQ/LISTA_INFORM/COMPMT_DICRED_SEM_AQUIS/VL_INAD_VENC_361_720,VALOR DE PARCELAS VENCIDOS E NÃO PAGOS ENTRE 361 E 720 DIAS,0.0,0.0,0.0,0.0,0.0,0.0,0.0,0.0,0.0,0.0,0.0
COMPMT_DICRED_SEM_AQUIS,,VL_INAD_VENC_721_1080,DOC_ARQ/LISTA_INFORM/COMPMT_DICRED_SEM_AQUIS/VL_INAD_VENC_721_1080,VALOR DE PARCELAS VENCIDOS E NÃO PAGOS ENTRE 721 E 1080 DIAS,0.0,0.0,0.0,0.0,0.0,0.0,0.0,0.0,0.0,0.0,0.0
COMPMT_DICRED_SEM_AQUIS,,VL_INAD_VENC_1080,DOC_ARQ/LISTA_INFORM/COMPMT_DICRED_SEM_AQUIS/VL_INAD_VENC_1080,VALOR DE PARCELAS VENCIDOS E NÃO PAGOS ACIMA DE 1080 DIAS,0.0,0.0,0.0,0.0,0.0,0.0,0.0,0.0,0.0,0.0,0.0
COMPMT_DICRED_SEM_AQUIS,,VL_SOM_PAGO_ANTCP,DOC_ARQ/LISTA_INFORM/COMPMT_DICRED_SEM_AQUIS/VL_SOM_PAGO_ANTCP,"VALOR DO SOMATÓRIO CONFORME ITEM 22 - SOMATÓRIO DE PAGOS ANTECIPADAMENTE (R$), DAS OBSERVAÇÕES IMPORTANTES",0.0,0.0,0.0,0.0,0.0,0.0,0.0,0.0,0.0,0.0,0.0
COMPMT_DICRED_SEM_AQUIS,,VL_PAGO_ANTCP_30,DOC_ARQ/LISTA_INFORM/COMPMT_DICRED_SEM_AQUIS/VL_PAGO_ANTCP_30,SUBSTITUA ESTA FRASE PELOS VALORES PAGOS ANTECIPADAMENTE ENTRE 1 E 30 DIAS DO VENCIMENTO,0.0,0.0,0.0,0.0,0.0,0.0,0.0,0.0,0.0,0.0,0.0
COMPMT_DICRED_SEM_AQUIS,,VL_PAGO_ANTCP_31_60,DOC_ARQ/LISTA_INFORM/COMPMT_DICRED_SEM_AQUIS/VL_PAGO_ANTCP_31_60,SUBSTITUA ESTA FRASE PELOS VALORES PAGOS ANTECIPADAMENTE ENTRE 31 E 60 DIAS DO VENCIMENTO,0.0,0.0,0.0,0.0,0.0,0.0,0.0,0.0,0.0,0.0,0.0
COMPMT_DICRED_SEM_AQUIS,,VL_PAGO_ANTCP_61_90,DOC_ARQ/LISTA_INFORM/COMPMT_DICRED_SEM_AQUIS/VL_PAGO_ANTCP_61_90,SUBSTITUA ESTA FRASE PELOS VALORES PAGOS ANTECIPADAMENTE ENTRE 61 E 90 DIAS DO VENCIMENTO,0.0,0.0,0.0,0.0,0.0,0.0,0.0,0.0,0.0,0.0,0.0
COMPMT_DICRED_SEM_AQUIS,,VL_PAGO_ANTCP_91_120,DOC_ARQ/LISTA_INFORM/COMPMT_DICRED_SEM_AQUIS/VL_PAGO_ANTCP_91_120,SUBSTITUA ESTA FRASE PELOS VALORES PAGOS ANTECIPADAMENTE ENTRE 91 E 120 DIAS DO VENCIMENTO,0.0,0.0,0.0,0.0,0.0,0.0,0.0,0.0,0.0,0.0,0.0
COMPMT_DICRED_SEM_AQUIS,,VL_PAGO_ANTCP_121_150,DOC_ARQ/LISTA_INFORM/COMPMT_DICRED_SEM_AQUIS/VL_PAGO_ANTCP_121_150,SUBSTITUA ESTA FRASE PELOS VALORES PAGOS ANTECIPADAMENTE ENTRE 121 E 150 DIAS DO VENCIMENTO,0.0,0.0,0.0,0.0,0.0,0.0,0.0,0.0,0.0,0.0,0.0
COMPMT_DICRED_SEM_AQUIS,,VL_PAGO_ANTCP_151_180,DOC_ARQ/LISTA_INFORM/COMPMT_DICRED_SEM_AQUIS/VL_PAGO_ANTCP_151_180,SUBSTITUA ESTA FRASE PELOS VALORES PAGOS ANTECIPADAMENTE ENTRE 151 E 180 DIAS DO VENCIMENTO,0.0,0.0,0.0,0.0,0.0,0.0,0.0,0.0,0.0,0.0,0.0
COMPMT_DICRED_SEM_AQUIS,,VL_PAGO_ANTCP_181_360,DOC_ARQ/LISTA_INFORM/COMPMT_DICRED_SEM_AQUIS/VL_PAGO_ANTCP_181_360,SUBSTITUA ESTA FRASE PELOS VALORES PAGOS ANTECIPADAMENTE ENTRE 181 E 360 DIAS DO VENCIMENTO,0.0,0.0,0.0,0.0,0.0,0.0,0.0,0.0,0.0,0.0,0.0
COMPMT_DICRED_SEM_AQUIS,,VL_PAGO_ANTCP_361_720,DOC_ARQ/LISTA_INFORM/COMPMT_DICRED_SEM_AQUIS/VL_PAGO_ANTCP_361_720,SUBSTITUA ESTA FRASE PELOS VALORES PAGOS ANTECIPADAMENTE ENTRE 361 E 720 DIAS DO VENCIMENTO,0.0,0.0,0.0,0.0,0.0,0.0,0.0,0.0,0.0,0.0,0.0
COMPMT_DICRED_SEM_AQUIS,,VL_PAGO_ANTCP_721_1080,DOC_ARQ/LISTA_INFORM/COMPMT_DICRED_SEM_AQUIS/VL_PAGO_ANTCP_721_1080,SUBSTITUA ESTA FRASE PELOS VALORES PAGOS ANTECIPADAMENTE ENTRE 721 E 1080 DIAS DO VENCIMENTO,0.0,0.0,0.0,0.0,0.0,0.0,0.0,0.0,0.0,0.0,0.0
COMPMT_DICRED_SEM_AQUIS,,VL_PAGO_ANTCP_1080,DOC_ARQ/LISTA_INFORM/COMPMT_DICRED_SEM_AQUIS/VL_PAGO_ANTCP_1080,SUBSTITUA ESTA FRASE PELOS VALORES PAGOS ANTECIPADAMENTE ACIMA DE 1080 DIAS DO VENCIMENTO,0.0,0.0,0.0,0.0,0.0,0.0,0.0,0.0,0.0,0.0,0.0
NEGOC_DICRED_MES,AQUISICOES,QT_DICRED_AQUIS,DOC_ARQ/LISTA_INFORM/NEGOC_DICRED_MES/AQUISICOES/QT_DICRED_AQUIS,"VALOR DO SOMATÓRIO CONFORME ITEM 23 - SOMATÓRIO DA QUANTIDADE TOTAL DE AQUISIÇÕES (NEGÓCIOS COM DIREITOS CREDITÓRIOS REALIZADOS NO MÊS), DAS OBSERVAÇÕES IMPORTANTES",0.0,0.0,0.0,0.0,0.0,0.0,0.0,0.0,0.0,0.0,0.0
NEGOC_DICRED_MES,AQUISICOES,VL_DICRED_AQUIS,DOC_ARQ/LISTA_INFORM/NEGOC_DICRED_MES/AQUISICOES/VL_DICRED_AQUIS,"VALOR DO SOMATÓRIO CONFORME ITEM 24 - SOMATÓRIO DO VALOR TOTAL (R$) DE AQUISIÇÕES (NEGÓCIOS COM DIREITOS CREDITÓRIOS REALIZADOS NO MÊS), DAS OBSERVAÇÕES IMPORTANTES",0.0,0.0,0.0,0.0,0.0,0.0,0.0,0.0,0.0,0.0,0.0
NEGOC_DICRED_MES,NEGOC_DICRED_MES_AQUIS,QT_DICRED_AQUIS,DOC_ARQ/LISTA_INFORM/NEGOC_DICRED_MES/NEGOC_DICRED_MES_AQUIS/QT_DICRED_AQUIS,"VALOR DO SOMATÓRIO CONFORME ITEM 25 - SOMATÓRIO DA QUANTIDADE DE AQUISIÇÕES, DAS OBSERVAÇÕES IMPORTANTES",0.0,0.0,0.0,0.0,0.0,0.0,0.0,0.0,0.0,0.0,0.0
NEGOC_DICRED_MES,NEGOC_DICRED_MES_AQUIS,VL_DICRED_AQUIS,DOC_ARQ/LISTA_INFORM/NEGOC_DICRED_MES/NEGOC_DICRED_MES_AQUIS/VL_DICRED_AQUIS,"VALOR DO SOMATÓRIO CONFORME ITEM 26 - SOMATÓRIO DO VALOR DE AQUISIÇÕES, DAS OBSERVAÇÕES IMPORTANTES",0.0,0.0,0.0,0.0,0.0,0.0,0.0,0.0,0.0,0.0,0.0
NEGOC_DICRED_MES,NEGOC_DICRED_MES_SEM_AQUIS,QT_DICRED_AQUIS,DOC_ARQ/LISTA_INFORM/NEGOC_DICRED_MES/NEGOC_DICRED_MES_SEM_AQUIS/QT_DICRED_AQUIS,QUANTIDADE MENSAL SEM AQUISIÇÕES,0.0,0.0,0.0,0.0,0.0,0.0,0.0,0.0,0.0,0.0,0.0
NEGOC_DICRED_MES,NEGOC_DICRED_MES_SEM_AQUIS,VL_DICRED_AQUIS,DOC_ARQ/LISTA_INFORM/NEGOC_DICRED_MES/NEGOC_DICRED_MES_SEM_AQUIS/VL_DICRED_AQUIS,VALOR MENSAL SEM AQUISIÇÕES,0.0,0.0,0.0,0.0,0.0,0.0,0.0,0.0,0.0,0.0,0.0
NEGOC_DICRED_MES,NEGOC_DICRED_MES_VENC_ADIMPL,QT_DICRED_AQUIS,DOC_ARQ/LISTA_INFORM/NEGOC_DICRED_MES/NEGOC_DICRED_MES_VENC_ADIMPL/QT_DICRED_AQUIS,QUANTIDADE MENSAL DE PARCELAS A VENCER ADIMPLENTES,0.0,0.0,0.0,0.0,0.0,0.0,0.0,0.0,0.0,0.0,0.0
NEGOC_DICRED_MES,NEGOC_DICRED_MES_VENC_ADIMPL,VL_DICRED_AQUIS,DOC_ARQ/LISTA_INFORM/NEGOC_DICRED_MES/NEGOC_DICRED_MES_VENC_ADIMPL/VL_DICRED_AQUIS,VALOR MENSAL DE PARCELAS A VENCER ADIMPLENTES,0.0,0.0,0.0,0.0,0.0,0.0,0.0,0.0,0.0,0.0,0.0
NEGOC_DICRED_MES,NEGOC_DICRED_MES_VENC_INAD,QT_DICRED_AQUIS,DOC_ARQ/LISTA_INFORM/NEGOC_DICRED_MES/NEGOC_DICRED_MES_VENC_INAD/QT_DICRED_AQUIS,QUANTIDADE MENSAL DE PARCELAS A VENCER INADIMPLENTES,0.0,0.0,0.0,0.0,0.0,0.0,0.0,0.0,0.0,0.0,0.0
NEGOC_DICRED_MES,NEGOC_DICRED_MES_VENC_INAD,VL_DICRED_AQUIS,DOC_ARQ/LISTA_INFORM/NEGOC_DICRED_MES/NEGOC_DICRED_MES_VENC_INAD/VL_DICRED_AQUIS,VALOR MENSAL DE PARCELAS A VENCER INADIMPLENTES,0.0,0.0,0.0,0.0,0.0,0.0,0.0,0.0,0.0,0.0,0.0
NEGOC_DICRED_MES,NEGOC_DICRED_MES_INAD,QT_DICRED_AQUIS,DOC_ARQ/LISTA_INFORM/NEGOC_DICRED_MES/NEGOC_DICRED_MES_INAD/QT_DICRED_AQUIS,QUANTIDADE MENSAL DE PARCELAS INADIMPLENTES,0.0,0.0,0.0,0.0,0.0,0.0,0.0,0.0,0.0,0.0,0.0
NEGOC_DICRED_MES,NEGOC_DICRED_MES_INAD,VL_DICRED_AQUIS,DOC_ARQ/LISTA_INFORM/NEGOC_DICRED_MES/NEGOC_DICRED_MES_INAD/VL_DICRED_AQUIS,VALOR MENSAL DE PARCELAS INADIMPLENTES,0.0,0.0,0.0,0.0,0.0,0.0,0.0,0.0,0.0,0.0,0.0
NEGOC_DICRED_MES,DICRED_MES_ALIEN,QT_DICRED_ALIEN,DOC_ARQ/LISTA_INFORM/NEGOC_DICRED_MES/DICRED_MES_ALIEN/QT_DICRED_ALIEN,"VALOR DO SOMATÓRIO CONFORME ITEM 27 - SOMATÓRIO DA QUANTIDADE TOTAL DE ALIENAÇÕES, DAS OBSERVAÇÕES IMPORTANTES",0.0,0.0,0.0,0.0,0.0,0.0,0.0,0.0,0.0,0.0,0.0
NEGOC_DICRED_MES,DICRED_MES_ALIEN,VL_DICRED_ALIEN,DOC_ARQ/LISTA_INFORM/NEGOC_DICRED_MES/DICRED_MES_ALIEN/VL_DICRED_ALIEN,"VALOR DO SOMATÓRIO CONFORME ITEM 28 - SOMATÓRIO DO VALOR TOTAL DE ALIENAÇÕES, DAS OBSERVAÇÕES IMPORTANTES",0.0,0.0,0.0,0.0,0.0,0.0,0.0,0.0,0.0,0.0,0.0
NEGOC_DICRED_MES,DICRED_MES_ALIEN,VL_DICRED_ALIEN_CONTAB,DOC_ARQ/LISTA_INFORM/NEGOC_DICRED_MES/DICRED_MES_ALIEN/VL_DICRED_ALIEN_CONTAB,"VALOR DO SOMATÓRIO CONFORME ITEM 29 - SOMATÓRIO DO VALOR CONTÁBIL TOTAL DE ALIENAÇÕES, DAS OBSERVAÇÕES IMPORTANTES",0.0,0.0,0.0,0.0,0.0,0.0,0.0,0.0,0.0,0.0,0.0
NEGOC_DICRED_MES,DICRED_MES_ALIEN_CEDENT,QT_DICRED_ALIEN,DOC_ARQ/LISTA_INFORM/NEGOC_DICRED_MES/DICRED_MES_ALIEN_CEDENT/QT_DICRED_ALIEN,QUANTIDADE MENSAL DE ALIENAÇÃO PARA O CEDENTE E PARTES RELACIONADAS AOS CEDENTES,0.0,0.0,0.0,0.0,0.0,0.0,0.0,0.0,0.0,0.0,0.0
NEGOC_DICRED_MES,DICRED_MES_ALIEN_CEDENT,VL_DICRED_ALIEN,DOC_ARQ/LISTA_INFORM/NEGOC_DICRED_MES/DICRED_MES_ALIEN_CEDENT/VL_DICRED_ALIEN,VALOR MENSAL DE ALIENAÇÃO PARA O CEDENTE E PARTES RELACIONADAS AOS CEDENTES,0.0,0.0,0.0,0.0,0.0,0.0,0.0,0.0,0.0,0.0,0.0
NEGOC_DICRED_MES,DICRED_MES_ALIEN_CEDENT,VL_DICRED_ALIEN_CONTAB,DOC_ARQ/LISTA_INFORM/NEGOC_DICRED_MES/DICRED_MES_ALIEN_CEDENT/VL_DICRED_ALIEN_CONTAB,VALOR CONTÁBIL MENSAL DE ALIENAÇÃO PARA O CEDENTE E PARTES RELACIONADAS AOS CEDENTES,0.0,0.0,0.0,0.0,0.0,0.0,0.0,0.0,0.0,0.0,0.0
NEGOC_DICRED_MES,DICRED_MES_ALIEN_PREST,QT_DICRED_ALIEN,DOC_ARQ/LISTA_INFORM/NEGOC_DICRED_MES/DICRED_MES_ALIEN_PREST/QT_DICRED_ALIEN,QUANTIDADE MENSAL DE ALIENAÇÃO PARA OS PRESTADORES DE SERVIÇOS E PARTES RELACIONADAS AOS PRESTADORES DE SERVIÇOS,0.0,0.0,0.0,0.0,0.0,0.0,0.0,0.0,0.0,0.0,0.0
NEGOC_DICRED_MES,DICRED_MES_ALIEN_PREST,VL_DICRED_ALIEN,DOC_ARQ/LISTA_INFORM/NEGOC_DICRED_MES/DICRED_MES_ALIEN_PREST/VL_DICRED_ALIEN,VALOR MENSAL DE ALIENAÇÃO PARA OS PRESTADORES DE SERVIÇOS E PARTES RELACIONADAS AOS PRESTADORES DE SERVIÇOS,0.0,0.0,0.0,0.0,0.0,0.0,0.0,0.0,0.0,0.0,0.0
NEGOC_DICRED_MES,DICRED_MES_ALIEN_PREST,VL_DICRED_ALIEN_CONTAB,DOC_ARQ/LISTA_INFORM/NEGOC_DICRED_MES/DICRED_MES_ALIEN_PREST/VL_DICRED_ALIEN_CONTAB,VALOR CONTABIL DE ALIENAÇÃO PARA OS PRESTADORES DE SERVIÇOS E PARTES RELACIONADAS AOS PRESTADORES DE SERVIÇOS,0.0,0.0,0.0,0.0,0.0,0.0,0.0,0.0,0.0,0.0,0.0
NEGOC_DICRED_MES,DICRED_MES_ALIEN_TERCR,QT_DICRED_ALIEN,DOC_ARQ/LISTA_INFORM/NEGOC_DICRED_MES/DICRED_MES_ALIEN_TERCR/QT_DICRED_ALIEN,QUANTIDADE MENSAL DE ALIENAÇÃO PARA TERCEIROS,0.0,0.0,0.0,0.0,0.0,0.0,0.0,0.0,0.0,0.0,0.0
NEGOC_DICRED_MES,DICRED_MES_ALIEN_TERCR,VL_DICRED_ALIEN,DOC_ARQ/LISTA_INFORM/NEGOC_DICRED_MES/DICRED_MES_ALIEN_TERCR/VL_DICRED_ALIEN,VALOR MENSAL DE ALIENAÇÃO PARA TERCEIROS,0.0,0.0,0.0,0.0,0.0,0.0,0.0,0.0,0.0,0.0,0.0
NEGOC_DICRED_MES,DICRED_MES_ALIEN_TERCR,VL_DICRED_ALIEN_CONTAB,DOC_ARQ/LISTA_INFORM/NEGOC_DICRED_MES/DICRED_MES_ALIEN_TERCR/VL_DICRED_ALIEN_CONTAB,VALOR CONTABIL MENSAL DE ALIENAÇÃO PARA TERCEIROS,0.0,0.0,0.0,0.0,0.0,0.0,0.0,0.0,0.0,0.0,0.0
NEGOC_DICRED_MES,DICRED_MES_ALIEN_SUBST,QT_DICRED_ALIEN,DOC_ARQ/LISTA_INFORM/NEGOC_DICRED_MES/DICRED_MES_ALIEN_SUBST/QT_DICRED_ALIEN,QUANTIDADE MENSAL DE SUBSTITUIÇÕES,0.0,0.0,0.0,0.0,0.0,0.0,0.0,0.0,0.0,0.0,0.0
NEGOC_DICRED_MES,DICRED_MES_ALIEN_SUBST,VL_DICRED_ALIEN,DOC_ARQ/LISTA_INFORM/NEGOC_DICRED_MES/DICRED_MES_ALIEN_SUBST/VL_DICRED_ALIEN,VALOR MENSAL DE SUBSTITUIÇÕES,0.0,0.0,0.0,0.0,0.0,0.0,0.0,0.0,0.0,0.0,0.0
NEGOC_DICRED_MES,DICRED_MES_ALIEN_SUBST,VL_DICRED_ALIEN_CONTAB,DOC_ARQ/LISTA_INFORM/NEGOC_DICRED_MES/DICRED_MES_ALIEN_SUBST/VL_DICRED_ALIEN_CONTAB,VALOR CONTÁBIL MENSAL DE SUBSTITUIÇÕES,0.0,0.0,0.0,0.0,0.0,0.0,0.0,0.0,0.0,0.0,0.0
NEGOC_DICRED_MES,DICRED_MES_ALIEN_RECOMP,QT_DICRED_ALIEN,DOC_ARQ/LISTA_INFORM/NEGOC_DICRED_MES/DICRED_MES_ALIEN_RECOMP/QT_DICRED_ALIEN,QUANTIDADE MENSAL DE RECOMPRAS,0.0,0.0,0.0,0.0,0.0,0.0,0.0,0.0,0.0,0.0,0.0
NEGOC_DICRED_MES,DICRED_MES_ALIEN_RECOMP,VL_DICRED_ALIEN,DOC_ARQ/LISTA_INFORM/NEGOC_DICRED_MES/DICRED_MES_ALIEN_RECOMP/VL_DICRED_ALIEN,VALOR MENSAL DE RECOMPRAS,0.0,0.0,0.0,0.0,0.0,0.0,0.0,0.0,0.0,0.0,0.0
NEGOC_DICRED_MES,DICRED_MES_ALIEN_RECOMP,VL_DICRED_ALIEN_CONTAB,DOC_ARQ/LISTA_INFORM/NEGOC_DICRED_MES/DICRED_MES_ALIEN_RECOMP/VL_DICRED_ALIEN_CONTAB,VALOR CONTÁBIL MENSAL DE RECOMPRAS,0.0,0.0,0.0,0.0,0.0,0.0,0.0,0.0,0.0,0.0,0.0
TAXA_NEGOC_DICRED_MES,TAXA_NEGOC_DICRED_MES_AQUIS/TAXA_NEGOC_DICRED_MES_AQUIS_DESC_COMPRA,TX_MIN,DOC_ARQ/LISTA_INFORM/TAXA_NEGOC_DICRED_MES/TAXA_NEGOC_DICRED_MES_AQUIS/TAXA_NEGOC_DICRED_MES_AQUIS_DESC_COMPRA/TX_MIN,"VALOR DA TAXA MÍNIMA DA COMPRA EM PERCENTUAL (EX. 9,0 E NÃO 0,09)",0.0,0.0,0.0,0.0,0.0,0.0,0.0,0.0,0.0,0.0,0.0
TAXA_NEGOC_DICRED_MES,TAXA_NEGOC_DICRED_MES_AQUIS/TAXA_NEGOC_DICRED_MES_AQUIS_DESC_COMPRA,TX_MEDIO,DOC_ARQ/LISTA_INFORM/TAXA_NEGOC_DICRED_MES/TAXA_NEGOC_DICRED_MES_AQUIS/TAXA_NEGOC_DICRED_MES_AQUIS_DESC_COMPRA/TX_MEDIO,"VALOR DA TAXA MÉDIA: (PONDERADA) DA COMPRA EM PERCENTUAL (EX. 9,0 E NÃO 0,09)",0.0,0.0,0.0,0.0,0.0,0.0,0.0,0.0,0.0,0.0,0.0
TAXA_NEGOC_DICRED_MES,TAXA_NEGOC_DICRED_MES_AQUIS/TAXA_NEGOC_DICRED_MES_AQUIS_DESC_COMPRA,TX_MAXIMO,DOC_ARQ/LISTA_INFORM/TAXA_NEGOC_DICRED_MES/TAXA_NEGOC_DICRED_MES_AQUIS/TAXA_NEGOC_DICRED_MES_AQUIS_DESC_COMPRA/TX_MAXIMO,"VALOR DA TAXA MÁXIMA DA COMPRA EM PERCENTUAL (EX. 9,0 E NÃO 0,09)",0.0,0.0,0.0,0.0,0.0,0.0,0.0,0.0,0.0,0.0,0.0
TAXA_NEGOC_DICRED_MES,TAXA_NEGOC_DICRED_MES_AQUIS/TAXA_NEGOC_DICRED_MES_AQUIS_DESC_VENDA,TX_MIN,DOC_ARQ/LISTA_INFORM/TAXA_NEGOC_DICRED_MES/TAXA_NEGOC_DICRED_MES_AQUIS/TAXA_NEGOC_DICRED_MES_AQUIS_DESC_VENDA/TX_MIN,"VALOR DA TAXA MÍNIMA DA VENDA EM PERCENTUAL (EX. 9,0 E NÃO 0,09)",0.0,0.0,0.0,0.0,0.0,0.0,0.0,0.0,0.0,0.0,0.0
TAXA_NEGOC_DICRED_MES,TAXA_NEGOC_DICRED_MES_AQUIS/TAXA_NEGOC_DICRED_MES_AQUIS_DESC_VENDA,TX_MEDIO,DOC_ARQ/LISTA_INFORM/TAXA_NEGOC_DICRED_MES/TAXA_NEGOC_DICRED_MES_AQUIS/TAXA_NEGOC_DICRED_MES_AQUIS_DESC_VENDA/TX_MEDIO,"VALOR DA TAXA MÉDIA: (PONDERADA) DA VENDA EM PERCENTUAL (EX. 9,0 E NÃO 0,09)",0.0,0.0,0.0,0.0,0.0,0.0,0.0,0.0,0.0,0.0,0.0
TAXA_NEGOC_DICRED_MES,TAXA_NEGOC_DICRED_MES_AQUIS/TAXA_NEGOC_DICRED_MES_AQUIS_DESC_VENDA,TX_MAXIMO,DOC_ARQ/LISTA_INFORM/TAXA_NEGOC_DICRED_MES/TAXA_NEGOC_DICRED_MES_AQUIS/TAXA_NEGOC_DICRED_MES_AQUIS_DESC_VENDA/TX_MAXIMO,"VALOR DA TAXA MÁXIMA DA VENDA EM PERCENTUAL (EX. 9,0 E NÃO 0,09)",0.0,0.0,0.0,0.0,0.0,0.0,0.0,0.0,0.0,0.0,0.0
TAXA_NEGOC_DICRED_MES,TAXA_NEGOC_DICRED_MES_AQUIS/TAXA_NEGOC_DICRED_MES_AQUIS_JUROS_COMPRA,TX_MIN,DOC_ARQ/LISTA_INFORM/TAXA_NEGOC_DICRED_MES/TAXA_NEGOC_DICRED_MES_AQUIS/TAXA_NEGOC_DICRED_MES_AQUIS_JUROS_COMPRA/TX_MIN,"VALOR DA TAXA MÍNIMA DE JUROS DA COMPRA EM PERCENTUAL (EX. 9,0 E NÃO 0,09)",0.0,0.0,0.0,0.0,0.0,0.0,0.0,0.0,0.0,0.0,0.0
TAXA_NEGOC_DICRED_MES,TAXA_NEGOC_DICRED_MES_AQUIS/TAXA_NEGOC_DICRED_MES_AQUIS_JUROS_COMPRA,TX_MEDIO,DOC_ARQ/LISTA_INFORM/TAXA_NEGOC_DICRED_MES/TAXA_NEGOC_DICRED_MES_AQUIS/TAXA_NEGOC_DICRED_MES_AQUIS_JUROS_COMPRA/TX_MEDIO,"VALOR DA TAXA MÉDIA DE JUROS DA COMPRA: (PONDERADA) EM PERCENTUAL (EX. 9,0 E NÃO 0,09)",0.0,0.0,0.0,0.0,0.0,0.0,0.0,0.0,0.0,0.0,0.0
TAXA_NEGOC_DICRED_MES,TAXA_NEGOC_DICRED_MES_AQUIS/TAXA_NEGOC_DICRED_MES_AQUIS_JUROS_COMPRA,TX_MAXIMO,DOC_ARQ/LISTA_INFORM/TAXA_NEGOC_DICRED_MES/TAXA_NEGOC_DICRED_MES_AQUIS/TAXA_NEGOC_DICRED_MES_AQUIS_JUROS_COMPRA/TX_MAXIMO,"VALOR DA TAXA MÁXIMA DE JUROS DA COMPRA EM PERCENTUAL (EX. 9,0 E NÃO 0,09)",0.0,0.0,0.0,0.0,0.0,0.0,0.0,0.0,0.0,0.0,0.0
TAXA_NEGOC_DICRED_MES,TAXA_NEGOC_DICRED_MES_AQUIS/TAXA_NEGOC_DICRED_MES_AQUIS_JUROS_VENDA,TX_MIN,DOC_ARQ/LISTA_INFORM/TAXA_NEGOC_DICRED_MES/TAXA_NEGOC_DICRED_MES_AQUIS/TAXA_NEGOC_DICRED_MES_AQUIS_JUROS_VENDA/TX_MIN,"VALOR DA TAXA MÍNIMA DA VENDA EM PERCENTUAL (EX. 9,0 E NÃO 0,09)",0.0,0.0,0.0,0.0,0.0,0.0,0.0,0.0,0.0,0.0,0.0
TAXA_NEGOC_DICRED_MES,TAXA_NEGOC_DICRED_MES_AQUIS/TAXA_NEGOC_DICRED_MES_AQUIS_JUROS_VENDA,TX_MEDIO,DOC_ARQ/LISTA_INFORM/TAXA_NEGOC_DICRED_MES/TAXA_NEGOC_DICRED_MES_AQUIS/TAXA_NEGOC_DICRED_MES_AQUIS_JUROS_VENDA/TX_MEDIO,"VALOR DA TAXA MÉDIA DA VENDA: (PONDERADA) EM PERCENTUAL (EX. 9,0 E NÃO 0,09)",0.0,0.0,0.0,0.0,0.0,0.0,0.0,0.0,0.0,0.0,0.0
TAXA_NEGOC_DICRED_MES,TAXA_NEGOC_DICRED_MES_AQUIS/TAXA_NEGOC_DICRED_MES_AQUIS_JUROS_VENDA,TX_MAXIMO,DOC_ARQ/LISTA_INFORM/TAXA_NEGOC_DICRED_MES/TAXA_NEGOC_DICRED_MES_AQUIS/TAXA_NEGOC_DICRED_MES_AQUIS_JUROS_VENDA/TX_MAXIMO,"VALOR DA TAXA MÁXIMA DA VENDA EM PERCENTUAL (EX. 9,0 E NÃO 0,09)",0.0,0.0,0.0,0.0,0.0,0.0,0.0,0.0,0.0,0.0,0.0
TAXA_NEGOC_DICRED_MES,TAXA_NEGOC_DICRED_MES_SEM_AQUIS/TAXA_NEGOC_DICRED_MES_SEM_AQUIS_DESC_COMPRA,TX_MIN,DOC_ARQ/LISTA_INFORM/TAXA_NEGOC_DICRED_MES/TAXA_NEGOC_DICRED_MES_SEM_AQUIS/TAXA_NEGOC_DICRED_MES_SEM_AQUIS_DESC_COMPRA/TX_MIN,"VALOR DA TAXA MÍNIMA DA COMPRA EM PERCENTUAL (EX. 9,0 E NÃO 0,09)",0.0,0.0,0.0,0.0,0.0,0.0,0.0,0.0,0.0,0.0,0.0
TAXA_NEGOC_DICRED_MES,TAXA_NEGOC_DICRED_MES_SEM_AQUIS/TAXA_NEGOC_DICRED_MES_SEM_AQUIS_DESC_COMPRA,TX_MEDIO,DOC_ARQ/LISTA_INFORM/TAXA_NEGOC_DICRED_MES/TAXA_NEGOC_DICRED_MES_SEM_AQUIS/TAXA_NEGOC_DICRED_MES_SEM_AQUIS_DESC_COMPRA/TX_MEDIO,"VALOR DA TAXA MÉDIA: (PONDERADA) DA COMPRA EM PERCENTUAL (EX. 9,0 E NÃO 0,09)",0.0,0.0,0.0,0.0,0.0,0.0,0.0,0.0,0.0,0.0,0.0
TAXA_NEGOC_DICRED_MES,TAXA_NEGOC_DICRED_MES_SEM_AQUIS/TAXA_NEGOC_DICRED_MES_SEM_AQUIS_DESC_COMPRA,TX_MAXIMO,DOC_ARQ/LISTA_INFORM/TAXA_NEGOC_DICRED_MES/TAXA_NEGOC_DICRED_MES_SEM_AQUIS/TAXA_NEGOC_DICRED_MES_SEM_AQUIS_DESC_COMPRA/TX_MAXIMO,"VALOR DA TAXA MÁXIMA DA COMPRA EM PERCENTUAL (EX. 9,0 E NÃO 0,09)",0.0,0.0,0.0,0.0,0.0,0.0,0.0,0.0,0.0,0.0,0.0
TAXA_NEGOC_DICRED_MES,TAXA_NEGOC_DICRED_MES_SEM_AQUIS/TAXA_NEGOC_DICRED_MES_SEM_AQUIS_DESC_VENDA,TX_MIN,DOC_ARQ/LISTA_INFORM/TAXA_NEGOC_DICRED_MES/TAXA_NEGOC_DICRED_MES_SEM_AQUIS/TAXA_NEGOC_DICRED_MES_SEM_AQUIS_DESC_VENDA/TX_MIN,"VALOR DA TAXA MÍNIMA DA VENDA EM PERCENTUAL (EX. 9,0 E NÃO 0,09)",0.0,0.0,0.0,0.0,0.0,0.0,0.0,0.0,0.0,0.0,0.0
TAXA_NEGOC_DICRED_MES,TAXA_NEGOC_DICRED_MES_SEM_AQUIS/TAXA_NEGOC_DICRED_MES_SEM_AQUIS_DESC_VENDA,TX_MEDIO,DOC_ARQ/LISTA_INFORM/TAXA_NEGOC_DICRED_MES/TAXA_NEGOC_DICRED_MES_SEM_AQUIS/TAXA_NEGOC_DICRED_MES_SEM_AQUIS_DESC_VENDA/TX_MEDIO,"VALOR DA TAXA MÉDIA: (PONDERADA) DA VENDA EM PERCENTUAL (EX. 9,0 E NÃO 0,09)",0.0,0.0,0.0,0.0,0.0,0.0,0.0,0.0,0.0,0.0,0.0
TAXA_NEGOC_DICRED_MES,TAXA_NEGOC_DICRED_MES_SEM_AQUIS/TAXA_NEGOC_DICRED_MES_SEM_AQUIS_DESC_VENDA,TX_MAXIMO,DOC_ARQ/LISTA_INFORM/TAXA_NEGOC_DICRED_MES/TAXA_NEGOC_DICRED_MES_SEM_AQUIS/TAXA_NEGOC_DICRED_MES_SEM_AQUIS_DESC_VENDA/TX_MAXIMO,"VALOR DA TAXA MÁXIMA DA VENDA EM PERCENTUAL (EX. 9,0 E NÃO 0,09)",0.0,0.0,0.0,0.0,0.0,0.0,0.0,0.0,0.0,0.0,0.0
TAXA_NEGOC_DICRED_MES,TAXA_NEGOC_DICRED_MES_SEM_AQUIS/TAXA_NEGOC_DICRED_MES_SEM_AQUIS_JUROS_COMPRA,TX_MIN,DOC_ARQ/LISTA_INFORM/TAXA_NEGOC_DICRED_MES/TAXA_NEGOC_DICRED_MES_SEM_AQUIS/TAXA_NEGOC_DICRED_MES_SEM_AQUIS_JUROS_COMPRA/TX_MIN,"VALOR DA TAXA MÍNIMA DE JUROS DA COMPRA EM PERCENTUAL (EX. 9,0 E NÃO 0,09)",0.0,0.0,0.0,0.0,0.0,0.0,0.0,0.0,0.0,0.0,0.0
TAXA_NEGOC_DICRED_MES,TAXA_NEGOC_DICRED_MES_SEM_AQUIS/TAXA_NEGOC_DICRED_MES_SEM_AQUIS_JUROS_COMPRA,TX_MEDIO,DOC_ARQ/LISTA_INFORM/TAXA_NEGOC_DICRED_MES/TAXA_NEGOC_DICRED_MES_SEM_AQUIS/TAXA_NEGOC_DICRED_MES_SEM_AQUIS_JUROS_COMPRA/TX_MEDIO,"VALOR DA TAXA MÉDIA DE JUROS DA COMPRA: (PONDERADA) EM PERCENTUAL (EX. 9,0 E NÃO 0,09)",0.0,0.0,0.0,0.0,0.0,0.0,0.0,0.0,0.0,0.0,0.0
TAXA_NEGOC_DICRED_MES,TAXA_NEGOC_DICRED_MES_SEM_AQUIS/TAXA_NEGOC_DICRED_MES_SEM_AQUIS_JUROS_COMPRA,TX_MAXIMO,DOC_ARQ/LISTA_INFORM/TAXA_NEGOC_DICRED_MES/TAXA_NEGOC_DICRED_MES_SEM_AQUIS/TAXA_NEGOC_DICRED_MES_SEM_AQUIS_JUROS_COMPRA/TX_MAXIMO,"VALOR DA TAXA MÁXIMA DE JUROS DA COMPRA EM PERCENTUAL (EX. 9,0 E NÃO 0,09)",0.0,0.0,0.0,0.0,0.0,0.0,0.0,0.0,0.0,0.0,0.0
TAXA_NEGOC_DICRED_MES,TAXA_NEGOC_DICRED_MES_SEM_AQUIS/TAXA_NEGOC_DICRED_MES_SEM_AQUIS_JUROS_VENDA,TX_MIN,DOC_ARQ/LISTA_INFORM/TAXA_NEGOC_DICRED_MES/TAXA_NEGOC_DICRED_MES_SEM_AQUIS/TAXA_NEGOC_DICRED_MES_SEM_AQUIS_JUROS_VENDA/TX_MIN,"VALOR DA TAXA MÍNIMA DA VENDA EM PERCENTUAL (EX. 9,0 E NÃO 0,09)",0.0,0.0,0.0,0.0,0.0,0.0,0.0,0.0,0.0,0.0,0.0
TAXA_NEGOC_DICRED_MES,TAXA_NEGOC_DICRED_MES_SEM_AQUIS/TAXA_NEGOC_DICRED_MES_SEM_AQUIS_JUROS_VENDA,TX_MEDIO,DOC_ARQ/LISTA_INFORM/TAXA_NEGOC_DICRED_MES/TAXA_NEGOC_DICRED_MES_SEM_AQUIS/TAXA_NEGOC_DICRED_MES_SEM_AQUIS_JUROS_VENDA/TX_MEDIO,"VALOR DA TAXA MÉDIA DA VENDA: (PONDERADA) EM PERCENTUAL (EX. 9,0 E NÃO 0,09)",0.0,0.0,0.0,0.0,0.0,0.0,0.0,0.0,0.0,0.0,0.0
TAXA_NEGOC_DICRED_MES,TAXA_NEGOC_DICRED_MES_SEM_AQUIS/TAXA_NEGOC_DICRED_MES_SEM_AQUIS_JUROS_VENDA,TX_MAXIMO,DOC_ARQ/LISTA_INFORM/TAXA_NEGOC_DICRED_MES/TAXA_NEGOC_DICRED_MES_SEM_AQUIS/TAXA_NEGOC_DICRED_MES_SEM_AQUIS_JUROS_VENDA/TX_MAXIMO,"VALOR DA TAXA MÁXIMA DA VENDA EM PERCENTUAL (EX. 9,0 E NÃO 0,09)",0.0,0.0,0.0,0.0,0.0,0.0,0.0,0.0,0.0,0.0,0.0
TAXA_NEGOC_DICRED_MES,TAXA_NEGOC_DICRED_MES_VALOR_MOBILI/TAXA_NEGOC_DICRED_MES_VALOR_MOBILI_DESC_COMPRA,TX_MIN,DOC_ARQ/LISTA_INFORM/TAXA_NEGOC_DICRED_MES/TAXA_NEGOC_DICRED_MES_VALOR_MOBILI/TAXA_NEGOC_DICRED_MES_VALOR_MOBILI_DESC_COMPRA/TX_MIN,"VALOR DA TAXA MÍNIMA DA COMPRA EM PERCENTUAL (EX. 9,0 E NÃO 0,09)",0.0,0.0,0.0,0.0,0.0,0.0,0.0,0.0,0.0,0.0,0.0
TAXA_NEGOC_DICRED_MES,TAXA_NEGOC_DICRED_MES_VALOR_MOBILI/TAXA_NEGOC_DICRED_MES_VALOR_MOBILI_DESC_COMPRA,TX_MEDIO,DOC_ARQ/LISTA_INFORM/TAXA_NEGOC_DICRED_MES/TAXA_NEGOC_DICRED_MES_VALOR_MOBILI/TAXA_NEGOC_DICRED_MES_VALOR_MOBILI_DESC_COMPRA/TX_MEDIO,"VALOR DA TAXA MÉDIA: (PONDERADA) DA COMPRA EM PERCENTUAL (EX. 9,0 E NÃO 0,09)",0.0,0.0,0.0,0.0,0.0,0.0,0.0,0.0,0.0,0.0,0.0
TAXA_NEGOC_DICRED_MES,TAXA_NEGOC_DICRED_MES_VALOR_MOBILI/TAXA_NEGOC_DICRED_MES_VALOR_MOBILI_DESC_COMPRA,TX_MAXIMO,DOC_ARQ/LISTA_INFORM/TAXA_NEGOC_DICRED_MES/TAXA_NEGOC_DICRED_MES_VALOR_MOBILI/TAXA_NEGOC_DICRED_MES_VALOR_MOBILI_DESC_COMPRA/TX_MAXIMO,"VALOR DA TAXA MÁXIMA DA COMPRA EM PERCENTUAL (EX. 9,0 E NÃO 0,09)",0.0,0.0,0.0,0.0,0.0,0.0,0.0,0.0,0.0,0.0,0.0
TAXA_NEGOC_DICRED_MES,TAXA_NEGOC_DICRED_MES_VALOR_MOBILI/TAXA_NEGOC_DICRED_MES_VALOR_MOBILI_DESC_VENDA,TX_MIN,DOC_ARQ/LISTA_INFORM/TAXA_NEGOC_DICRED_MES/TAXA_NEGOC_DICRED_MES_VALOR_MOBILI/TAXA_NEGOC_DICRED_MES_VALOR_MOBILI_DESC_VENDA/TX_MIN,"VALOR DA TAXA MÍNIMA DA VENDA EM PERCENTUAL (EX. 9,0 E NÃO 0,09)",0.0,0.0,0.0,0.0,0.0,0.0,0.0,0.0,0.0,0.0,0.0
TAXA_NEGOC_DICRED_MES,TAXA_NEGOC_DICRED_MES_VALOR_MOBILI/TAXA_NEGOC_DICRED_MES_VALOR_MOBILI_DESC_VENDA,TX_MEDIO,DOC_ARQ/LISTA_INFORM/TAXA_NEGOC_DICRED_MES/TAXA_NEGOC_DICRED_MES_VALOR_MOBILI/TAXA_NEGOC_DICRED_MES_VALOR_MOBILI_DESC_VENDA/TX_MEDIO,"VALOR DA TAXA MÉDIA: (PONDERADA) DA VENDA EM PERCENTUAL (EX. 9,0 E NÃO 0,09)",0.0,0.0,0.0,0.0,0.0,0.0,0.0,0.0,0.0,0.0,0.0
TAXA_NEGOC_DICRED_MES,TAXA_NEGOC_DICRED_MES_VALOR_MOBILI/TAXA_NEGOC_DICRED_MES_VALOR_MOBILI_DESC_VENDA,TX_MAXIMO,DOC_ARQ/LISTA_INFORM/TAXA_NEGOC_DICRED_MES/TAXA_NEGOC_DICRED_MES_VALOR_MOBILI/TAXA_NEGOC_DICRED_MES_VALOR_MOBILI_DESC_VENDA/TX_MAXIMO,"VALOR DA TAXA MÁXIMA DA VENDA EM PERCENTUAL (EX. 9,0 E NÃO 0,09)",0.0,0.0,0.0,0.0,0.0,0.0,0.0,0.0,0.0,0.0,0.0
TAXA_NEGOC_DICRED_MES,TAXA_NEGOC_DICRED_MES_VALOR_MOBILI/TAXA_NEGOC_DICRED_MES_VALOR_MOBILI_JUROS_COMPRA,TX_MIN,DOC_ARQ/LISTA_INFORM/TAXA_NEGOC_DICRED_MES/TAXA_NEGOC_DICRED_MES_VALOR_MOBILI/TAXA_NEGOC_DICRED_MES_VALOR_MOBILI_JUROS_COMPRA/TX_MIN,"VALOR DA TAXA MÍNIMA DE JUROS DA COMPRA EM PERCENTUAL (EX. 9,0 E NÃO 0,09)",0.0,0.0,0.0,0.0,0.0,0.0,0.0,0.0,0.0,0.0,0.0
TAXA_NEGOC_DICRED_MES,TAXA_NEGOC_DICRED_MES_VALOR_MOBILI/TAXA_NEGOC_DICRED_MES_VALOR_MOBILI_JUROS_COMPRA,TX_MEDIO,DOC_ARQ/LISTA_INFORM/TAXA_NEGOC_DICRED_MES/TAXA_NEGOC_DICRED_MES_VALOR_MOBILI/TAXA_NEGOC_DICRED_MES_VALOR_MOBILI_JUROS_COMPRA/TX_MEDIO,"VALOR DA TAXA MÉDIA DE JUROS DA COMPRA: (PONDERADA) EM PERCENTUAL (EX. 9,0 E NÃO 0,09)",0.0,0.0,0.0,0.0,0.0,0.0,0.0,0.0,0.0,0.0,0.0
TAXA_NEGOC_DICRED_MES,TAXA_NEGOC_DICRED_MES_VALOR_MOBILI/TAXA_NEGOC_DICRED_MES_VALOR_MOBILI_JUROS_COMPRA,TX_MAXIMO,DOC_ARQ/LISTA_INFORM/TAXA_NEGOC_DICRED_MES/TAXA_NEGOC_DICRED_MES_VALOR_MOBILI/TAXA_NEGOC_DICRED_MES_VALOR_MOBILI_JUROS_COMPRA/TX_MAXIMO,"VALOR DA TAXA MÁXIMA DE JUROS DA COMPRA EM PERCENTUAL (EX. 9,0 E NÃO 0,09)",0.0,0.0,0.0,0.0,0.0,0.0,0.0,0.0,0.0,0.0,0.0
TAXA_NEGOC_DICRED_MES,TAXA_NEGOC_DICRED_MES_VALOR_MOBILI/TAXA_NEGOC_DICRED_MES_VALOR_MOBILI_JUROS_VENDA,TX_MIN,DOC_ARQ/LISTA_INFORM/TAXA_NEGOC_DICRED_MES/TAXA_NEGOC_DICRED_MES_VALOR_MOBILI/TAXA_NEGOC_DICRED_MES_VALOR_MOBILI_JUROS_VENDA/TX_MIN,"VALOR DA TAXA MÍNIMA DA VENDA EM PERCENTUAL (EX. 9,0 E NÃO 0,09)",0.0,0.0,0.0,0.0,0.0,0.0,0.0,0.0,0.0,0.0,0.0
TAXA_NEGOC_DICRED_MES,TAXA_NEGOC_DICRED_MES_VALOR_MOBILI/TAXA_NEGOC_DICRED_MES_VALOR_MOBILI_JUROS_VENDA,TX_MEDIO,DOC_ARQ/LISTA_INFORM/TAXA_NEGOC_DICRED_MES/TAXA_NEGOC_DICRED_MES_VALOR_MOBILI/TAXA_NEGOC_DICRED_MES_VALOR_MOBILI_JUROS_VENDA/TX_MEDIO,"VALOR DA TAXA MÉDIA DA VENDA: (PONDERADA) EM PERCENTUAL (EX. 9,0 E NÃO 0,09)",0.0,0.0,0.0,0.0,0.0,0.0,0.0,0.0,0.0,0.0,0.0
TAXA_NEGOC_DICRED_MES,TAXA_NEGOC_DICRED_MES_VALOR_MOBILI/TAXA_NEGOC_DICRED_MES_VALOR_MOBILI_JUROS_VENDA,TX_MAXIMO,DOC_ARQ/LISTA_INFORM/TAXA_NEGOC_DICRED_MES/TAXA_NEGOC_DICRED_MES_VALOR_MOBILI/TAXA_NEGOC_DICRED_MES_VALOR_MOBILI_JUROS_VENDA/TX_MAXIMO,"VALOR DA TAXA MÁXIMA DA VENDA EM PERCENTUAL (EX. 9,0 E NÃO 0,09)",0.0,0.0,0.0,0.0,0.0,0.0,0.0,0.0,0.0,0.0,0.0
TAXA_NEGOC_DICRED_MES,TAXA_NEGOC_DICRED_MES_TITPUB_FED/TAXA_NEGOC_DICRED_MES_TITPUB_FED_DESC_COMPRA,TX_MIN,DOC_ARQ/LISTA_INFORM/TAXA_NEGOC_DICRED_MES/TAXA_NEGOC_DICRED_MES_TITPUB_FED/TAXA_NEGOC_DICRED_MES_TITPUB_FED_DESC_COMPRA/TX_MIN,"VALOR DA TAXA MÍNIMA DA COMPRA EM PERCENTUAL (EX. 9,0 E NÃO 0,09)",0.0,0.0,0.0,0.0,0.0,0.0,0.0,0.0,0.0,0.0,0.0
TAXA_NEGOC_DICRED_MES,TAXA_NEGOC_DICRED_MES_TITPUB_FED/TAXA_NEGOC_DICRED_MES_TITPUB_FED_DESC_COMPRA,TX_MEDIO,DOC_ARQ/LISTA_INFORM/TAXA_NEGOC_DICRED_MES/TAXA_NEGOC_DICRED_MES_TITPUB_FED/TAXA_NEGOC_DICRED_MES_TITPUB_FED_DESC_COMPRA/TX_MEDIO,"VALOR DA TAXA MÉDIA: (PONDERADA) DA COMPRA EM PERCENTUAL (EX. 9,0 E NÃO 0,09)",0.0,0.0,0.0,0.0,0.0,0.0,0.0,0.0,0.0,0.0,0.0
TAXA_NEGOC_DICRED_MES,TAXA_NEGOC_DICRED_MES_TITPUB_FED/TAXA_NEGOC_DICRED_MES_TITPUB_FED_DESC_COMPRA,TX_MAXIMO,DOC_ARQ/LISTA_INFORM/TAXA_NEGOC_DICRED_MES/TAXA_NEGOC_DICRED_MES_TITPUB_FED/TAXA_NEGOC_DICRED_MES_TITPUB_FED_DESC_COMPRA/TX_MAXIMO,"VALOR DA TAXA MÁXIMA DA COMPRA EM PERCENTUAL (EX. 9,0 E NÃO 0,09)",0.0,0.0,0.0,0.0,0.0,0.0,0.0,0.0,0.0,0.0,0.0
TAXA_NEGOC_DICRED_MES,TAXA_NEGOC_DICRED_MES_TITPUB_FED/TAXA_NEGOC_DICRED_MES_TITPUB_FED_DESC_VENDA,TX_MIN,DOC_ARQ/LISTA_INFORM/TAXA_NEGOC_DICRED_MES/TAXA_NEGOC_DICRED_MES_TITPUB_FED/TAXA_NEGOC_DICRED_MES_TITPUB_FED_DESC_VENDA/TX_MIN,"VALOR DA TAXA MÍNIMA DA VENDA EM PERCENTUAL (EX. 9,0 E NÃO 0,09)",0.0,0.0,0.0,0.0,0.0,0.0,0.0,0.0,0.0,0.0,0.0
TAXA_NEGOC_DICRED_MES,TAXA_NEGOC_DICRED_MES_TITPUB_FED/TAXA_NEGOC_DICRED_MES_TITPUB_FED_DESC_VENDA,TX_MEDIO,DOC_ARQ/LISTA_INFORM/TAXA_NEGOC_DICRED_MES/TAXA_NEGOC_DICRED_MES_TITPUB_FED/TAXA_NEGOC_DICRED_MES_TITPUB_FED_DESC_VENDA/TX_MEDIO,"VALOR DA TAXA MÉDIA: (PONDERADA) DA VENDA EM PERCENTUAL (EX. 9,0 E NÃO 0,09)",0.0,0.0,0.0,0.0,0.0,0.0,0.0,0.0,0.0,0.0,0.0
TAXA_NEGOC_DICRED_MES,TAXA_NEGOC_DICRED_MES_TITPUB_FED/TAXA_NEGOC_DICRED_MES_TITPUB_FED_DESC_VENDA,TX_MAXIMO,DOC_ARQ/LISTA_INFORM/TAXA_NEGOC_DICRED_MES/TAXA_NEGOC_DICRED_MES_TITPUB_FED/TAXA_NEGOC_DICRED_MES_TITPUB_FED_DESC_VENDA/TX_MAXIMO,"VALOR DA TAXA MÁXIMA DA VENDA EM PERCENTUAL (EX. 9,0 E NÃO 0,09)",0.0,0.0,0.0,0.0,0.0,0.0,0.0,0.0,0.0,0.0,0.0
TAXA_NEGOC_DICRED_MES,TAXA_NEGOC_DICRED_MES_TITPUB_FED/TAXA_NEGOC_DICRED_MES_TITPUB_FED_JUROS_COMPRA,TX_MIN,DOC_ARQ/LISTA_INFORM/TAXA_NEGOC_DICRED_MES/TAXA_NEGOC_DICRED_MES_TITPUB_FED/TAXA_NEGOC_DICRED_MES_TITPUB_FED_JUROS_COMPRA/TX_MIN,"VALOR DA TAXA MÍNIMA DE JUROS DA COMPRA EM PERCENTUAL (EX. 9,0 E NÃO 0,09)",0.0,0.0,0.0,0.0,0.0,0.0,0.0,0.0,0.0,0.0,0.0
TAXA_NEGOC_DICRED_MES,TAXA_NEGOC_DICRED_MES_TITPUB_FED/TAXA_NEGOC_DICRED_MES_TITPUB_FED_JUROS_COMPRA,TX_MEDIO,DOC_ARQ/LISTA_INFORM/TAXA_NEGOC_DICRED_MES/TAXA_NEGOC_DICRED_MES_TITPUB_FED/TAXA_NEGOC_DICRED_MES_TITPUB_FED_JUROS_COMPRA/TX_MEDIO,"VALOR DA TAXA MÉDIA DE JUROS DA COMPRA: (PONDERADA) EM PERCENTUAL (EX. 9,0 E NÃO 0,09)",0.0,0.0,0.0,0.0,0.0,0.0,0.0,0.0,0.0,0.0,0.0
TAXA_NEGOC_DICRED_MES,TAXA_NEGOC_DICRED_MES_TITPUB_FED/TAXA_NEGOC_DICRED_MES_TITPUB_FED_JUROS_COMPRA,TX_MAXIMO,DOC_ARQ/LISTA_INFORM/TAXA_NEGOC_DICRED_MES/TAXA_NEGOC_DICRED_MES_TITPUB_FED/TAXA_NEGOC_DICRED_MES_TITPUB_FED_JUROS_COMPRA/TX_MAXIMO,"VALOR DA TAXA MÁXIMA DE JUROS DA COMPRA EM PERCENTUAL (EX. 9,0 E NÃO 0,09)",0.0,0.0,0.0,0.0,0.0,0.0,0.0,0.0,0.0,0.0,0.0
TAXA_NEGOC_DICRED_MES,TAXA_NEGOC_DICRED_MES_TITPUB_FED/TAXA_NEGOC_DICRED_MES_TITPUB_FED_JUROS_VENDA,TX_MIN,DOC_ARQ/LISTA_INFORM/TAXA_NEGOC_DICRED_MES/TAXA_NEGOC_DICRED_MES_TITPUB_FED/TAXA_NEGOC_DICRED_MES_TITPUB_FED_JUROS_VENDA/TX_MIN,"VALOR DA TAXA MÍNIMA DA VENDA EM PERCENTUAL (EX. 9,0 E NÃO 0,09)",0.0,0.0,0.0,0.0,0.0,0.0,0.0,0.0,0.0,0.0,0.0
TAXA_NEGOC_DICRED_MES,TAXA_NEGOC_DICRED_MES_TITPUB_FED/TAXA_NEGOC_DICRED_MES_TITPUB_FED_JUROS_VENDA,TX_MEDIO,DOC_ARQ/LISTA_INFORM/TAXA_NEGOC_DICRED_MES/TAXA_NEGOC_DICRED_MES_TITPUB_FED/TAXA_NEGOC_DICRED_MES_TITPUB_FED_JUROS_VENDA/TX_MEDIO,"VALOR DA TAXA MÉDIA DA VENDA: (PONDERADA) EM PERCENTUAL (EX. 9,0 E NÃO 0,09)",0.0,0.0,0.0,0.0,0.0,0.0,0.0,0.0,0.0,0.0,0.0
TAXA_NEGOC_DICRED_MES,TAXA_NEGOC_DICRED_MES_TITPUB_FED/TAXA_NEGOC_DICRED_MES_TITPUB_FED_JUROS_VENDA,TX_MAXIMO,DOC_ARQ/LISTA_INFORM/TAXA_NEGOC_DICRED_MES/TAXA_NEGOC_DICRED_MES_TITPUB_FED/TAXA_NEGOC_DICRED_MES_TITPUB_FED_JUROS_VENDA/TX_MAXIMO,"VALOR DA TAXA MÁXIMA DA VENDA EM PERCENTUAL (EX. 9,0 E NÃO 0,09)",0.0,0.0,0.0,0.0,0.0,0.0,0.0,0.0,0.0,0.0,0.0
TAXA_NEGOC_DICRED_MES,TAXA_NEGOC_DICRED_MES_CDB/TAXA_NEGOC_DICRED_MES_CDB_DESC_COMPRA,TX_MIN,DOC_ARQ/LISTA_INFORM/TAXA_NEGOC_DICRED_MES/TAXA_NEGOC_DICRED_MES_CDB/TAXA_NEGOC_DICRED_MES_CDB_DESC_COMPRA/TX_MIN,"VALOR DA TAXA MÍNIMA DA COMPRA EM PERCENTUAL (EX. 9,0 E NÃO 0,09)",0.0,0.0,0.0,0.0,0.0,0.0,0.0,0.0,0.0,0.0,0.0
TAXA_NEGOC_DICRED_MES,TAXA_NEGOC_DICRED_MES_CDB/TAXA_NEGOC_DICRED_MES_CDB_DESC_COMPRA,TX_MEDIO,DOC_ARQ/LISTA_INFORM/TAXA_NEGOC_DICRED_MES/TAXA_NEGOC_DICRED_MES_CDB/TAXA_NEGOC_DICRED_MES_CDB_DESC_COMPRA/TX_MEDIO,"VALOR DA TAXA MÉDIA: (PONDERADA) DA COMPRA EM PERCENTUAL (EX. 9,0 E NÃO 0,09)",0.0,0.0,0.0,0.0,0.0,0.0,0.0,0.0,0.0,0.0,0.0
TAXA_NEGOC_DICRED_MES,TAXA_NEGOC_DICRED_MES_CDB/TAXA_NEGOC_DICRED_MES_CDB_DESC_COMPRA,TX_MAXIMO,DOC_ARQ/LISTA_INFORM/TAXA_NEGOC_DICRED_MES/TAXA_NEGOC_DICRED_MES_CDB/TAXA_NEGOC_DICRED_MES_CDB_DESC_COMPRA/TX_MAXIMO,"VALOR DA TAXA MÁXIMA DA COMPRA EM PERCENTUAL (EX. 9,0 E NÃO 0,09)",0.0,0.0,0.0,0.0,0.0,0.0,0.0,0.0,0.0,0.0,0.0
TAXA_NEGOC_DICRED_MES,TAXA_NEGOC_DICRED_MES_CDB/TAXA_NEGOC_DICRED_MES_CDB_DESC_VENDA,TX_MIN,DOC_ARQ/LISTA_INFORM/TAXA_NEGOC_DICRED_MES/TAXA_NEGOC_DICRED_MES_CDB/TAXA_NEGOC_DICRED_MES_CDB_DESC_VENDA/TX_MIN,"VALOR DA TAXA MÍNIMA DA VENDA EM PERCENTUAL (EX. 9,0 E NÃO 0,09)",0.0,0.0,0.0,0.0,0.0,0.0,0.0,0.0,0.0,0.0,0.0
TAXA_NEGOC_DICRED_MES,TAXA_NEGOC_DICRED_MES_CDB/TAXA_NEGOC_DICRED_MES_CDB_DESC_VENDA,TX_MEDIO,DOC_ARQ/LISTA_INFORM/TAXA_NEGOC_DICRED_MES/TAXA_NEGOC_DICRED_MES_CDB/TAXA_NEGOC_DICRED_MES_CDB_DESC_VENDA/TX_MEDIO,"VALOR DA TAXA MÉDIA: (PONDERADA) DA VENDA EM PERCENTUAL (EX. 9,0 E NÃO 0,09)",0.0,0.0,0.0,0.0,0.0,0.0,0.0,0.0,0.0,0.0,0.0
TAXA_NEGOC_DICRED_MES,TAXA_NEGOC_DICRED_MES_CDB/TAXA_NEGOC_DICRED_MES_CDB_DESC_VENDA,TX_MAXIMO,DOC_ARQ/LISTA_INFORM/TAXA_NEGOC_DICRED_MES/TAXA_NEGOC_DICRED_MES_CDB/TAXA_NEGOC_DICRED_MES_CDB_DESC_VENDA/TX_MAXIMO,"VALOR DA TAXA MÁXIMA DA VENDA EM PERCENTUAL (EX. 9,0 E NÃO 0,09)",0.0,0.0,0.0,0.0,0.0,0.0,0.0,0.0,0.0,0.0,0.0
TAXA_NEGOC_DICRED_MES,TAXA_NEGOC_DICRED_MES_CDB/TAXA_NEGOC_DICRED_MES_CDB_JUROS_COMPRA,TX_MIN,DOC_ARQ/LISTA_INFORM/TAXA_NEGOC_DICRED_MES/TAXA_NEGOC_DICRED_MES_CDB/TAXA_NEGOC_DICRED_MES_CDB_JUROS_COMPRA/TX_MIN,"VALOR DA TAXA MÍNIMA DE JUROS DA COMPRA EM PERCENTUAL (EX. 9,0 E NÃO 0,09)",0.0,0.0,0.0,0.0,0.0,0.0,0.0,0.0,0.0,0.0,0.0
TAXA_NEGOC_DICRED_MES,TAXA_NEGOC_DICRED_MES_CDB/TAXA_NEGOC_DICRED_MES_CDB_JUROS_COMPRA,TX_MEDIO,DOC_ARQ/LISTA_INFORM/TAXA_NEGOC_DICRED_MES/TAXA_NEGOC_DICRED_MES_CDB/TAXA_NEGOC_DICRED_MES_CDB_JUROS_COMPRA/TX_MEDIO,"VALOR DA TAXA MÉDIA DE JUROS DA COMPRA: (PONDERADA) EM PERCENTUAL (EX. 9,0 E NÃO 0,09)",0.0,0.0,0.0,0.0,0.0,0.0,0.0,0.0,0.0,0.0,0.0
TAXA_NEGOC_DICRED_MES,TAXA_NEGOC_DICRED_MES_CDB/TAXA_NEGOC_DICRED_MES_CDB_JUROS_COMPRA,TX_MAXIMO,DOC_ARQ/LISTA_INFORM/TAXA_NEGOC_DICRED_MES/TAXA_NEGOC_DICRED_MES_CDB/TAXA_NEGOC_DICRED_MES_CDB_JUROS_COMPRA/TX_MAXIMO,"VALOR DA TAXA MÁXIMA DE JUROS DA COMPRA EM PERCENTUAL (EX. 9,0 E NÃO 0,09)",0.0,0.0,0.0,0.0,0.0,0.0,0.0,0.0,0.0,0.0,0.0
TAXA_NEGOC_DICRED_MES,TAXA_NEGOC_DICRED_MES_CDB/TAXA_NEGOC_DICRED_MES_CDB_JUROS_VENDA,TX_MIN,DOC_ARQ/LISTA_INFORM/TAXA_NEGOC_DICRED_MES/TAXA_NEGOC_DICRED_MES_CDB/TAXA_NEGOC_DICRED_MES_CDB_JUROS_VENDA/TX_MIN,"VALOR DA TAXA MÍNIMA DA VENDA EM PERCENTUAL (EX. 9,0 E NÃO 0,09)",0.0,0.0,0.0,0.0,0.0,0.0,0.0,0.0,0.0,0.0,0.0
TAXA_NEGOC_DICRED_MES,TAXA_NEGOC_DICRED_MES_CDB/TAXA_NEGOC_DICRED_MES_CDB_JUROS_VENDA,TX_MEDIO,DOC_ARQ/LISTA_INFORM/TAXA_NEGOC_DICRED_MES/TAXA_NEGOC_DICRED_MES_CDB/TAXA_NEGOC_DICRED_MES_CDB_JUROS_VENDA/TX_MEDIO,"VALOR DA TAXA MÉDIA DA VENDA: (PONDERADA) EM PERCENTUAL (EX. 9,0 E NÃO 0,09)",0.0,0.0,0.0,0.0,0.0,0.0,0.0,0.0,0.0,0.0,0.0
TAXA_NEGOC_DICRED_MES,TAXA_NEGOC_DICRED_MES_CDB/TAXA_NEGOC_DICRED_MES_CDB_JUROS_VENDA,TX_MAXIMO,DOC_ARQ/LISTA_INFORM/TAXA_NEGOC_DICRED_MES/TAXA_NEGOC_DICRED_MES_CDB/TAXA_NEGOC_DICRED_MES_CDB_JUROS_VENDA/TX_MAXIMO,"VALOR DA TAXA MÁXIMA DA VENDA EM PERCENTUAL (EX. 9,0 E NÃO 0,09)",0.0,0.0,0.0,0.0,0.0,0.0,0.0,0.0,0.0,0.0,0.0
TAXA_NEGOC_DICRED_MES,TAXA_NEGOC_DICRED_MES_ATIV_RF/TAXA_NEGOC_DICRED_MES_ATIV_RF_DESC_COMPRA,TX_MIN,DOC_ARQ/LISTA_INFORM/TAXA_NEGOC_DICRED_MES/TAXA_NEGOC_DICRED_MES_ATIV_RF/TAXA_NEGOC_DICRED_MES_ATIV_RF_DESC_COMPRA/TX_MIN,"VALOR DA TAXA MÍNIMA DA COMPRA EM PERCENTUAL (EX. 9,0 E NÃO 0,09)",0.0,0.0,0.0,0.0,0.0,0.0,0.0,0.0,0.0,0.0,0.0
TAXA_NEGOC_DICRED_MES,TAXA_NEGOC_DICRED_MES_ATIV_RF/TAXA_NEGOC_DICRED_MES_ATIV_RF_DESC_COMPRA,TX_MEDIO,DOC_ARQ/LISTA_INFORM/TAXA_NEGOC_DICRED_MES/TAXA_NEGOC_DICRED_MES_ATIV_RF/TAXA_NEGOC_DICRED_MES_ATIV_RF_DESC_COMPRA/TX_MEDIO,"VALOR DA TAXA MÉDIA: (PONDERADA) DA COMPRA EM PERCENTUAL (EX. 9,0 E NÃO 0,09)",0.0,0.0,0.0,0.0,0.0,0.0,0.0,0.0,0.0,0.0,0.0
TAXA_NEGOC_DICRED_MES,TAXA_NEGOC_DICRED_MES_ATIV_RF/TAXA_NEGOC_DICRED_MES_ATIV_RF_DESC_COMPRA,TX_MAXIMO,DOC_ARQ/LISTA_INFORM/TAXA_NEGOC_DICRED_MES/TAXA_NEGOC_DICRED_MES_ATIV_RF/TAXA_NEGOC_DICRED_MES_ATIV_RF_DESC_COMPRA/TX_MAXIMO,"VALOR DA TAXA MÁXIMA DA COMPRA EM PERCENTUAL (EX. 9,0 E NÃO 0,09)",0.0,0.0,0.0,0.0,0.0,0.0,0.0,0.0,0.0,0.0,0.0
TAXA_NEGOC_DICRED_MES,TAXA_NEGOC_DICRED_MES_ATIV_RF/TAXA_NEGOC_DICRED_MES_ATIV_RF_DESC_VENDA,TX_MIN,DOC_ARQ/LISTA_INFORM/TAXA_NEGOC_DICRED_MES/TAXA_NEGOC_DICRED_MES_ATIV_RF/TAXA_NEGOC_DICRED_MES_ATIV_RF_DESC_VENDA/TX_MIN,"VALOR DA TAXA MÍNIMA DA VENDA EM PERCENTUAL (EX. 9,0 E NÃO 0,09)",0.0,0.0,0.0,0.0,0.0,0.0,0.0,0.0,0.0,0.0,0.0
TAXA_NEGOC_DICRED_MES,TAXA_NEGOC_DICRED_MES_ATIV_RF/TAXA_NEGOC_DICRED_MES_ATIV_RF_DESC_VENDA,TX_MEDIO,DOC_ARQ/LISTA_INFORM/TAXA_NEGOC_DICRED_MES/TAXA_NEGOC_DICRED_MES_ATIV_RF/TAXA_NEGOC_DICRED_MES_ATIV_RF_DESC_VENDA/TX_MEDIO,"VALOR DA TAXA MÉDIA: (PONDERADA) DA VENDA EM PERCENTUAL (EX. 9,0 E NÃO 0,09)",0.0,0.0,0.0,0.0,0.0,0.0,0.0,0.0,0.0,0.0,0.0
TAXA_NEGOC_DICRED_MES,TAXA_NEGOC_DICRED_MES_ATIV_RF/TAXA_NEGOC_DICRED_MES_ATIV_RF_DESC_VENDA,TX_MAXIMO,DOC_ARQ/LISTA_INFORM/TAXA_NEGOC_DICRED_MES/TAXA_NEGOC_DICRED_MES_ATIV_RF/TAXA_NEGOC_DICRED_MES_ATIV_RF_DESC_VENDA/TX_MAXIMO,"VALOR DA TAXA MÁXIMA DA VENDA EM PERCENTUAL (EX. 9,0 E NÃO 0,09)",0.0,0.0,0.0,0.0,0.0,0.0,0.0,0.0,0.0,0.0,0.0
TAXA_NEGOC_DICRED_MES,TAXA_NEGOC_DICRED_MES_ATIV_RF/TAXA_NEGOC_DICRED_MES_ATIV_RF_JUROS_COMPRA,TX_MIN,DOC_ARQ/LISTA_INFORM/TAXA_NEGOC_DICRED_MES/TAXA_NEGOC_DICRED_MES_ATIV_RF/TAXA_NEGOC_DICRED_MES_ATIV_RF_JUROS_COMPRA/TX_MIN,"VALOR DA TAXA MÍNIMA DE JUROS DA COMPRA EM PERCENTUAL (EX. 9,0 E NÃO 0,09)",0.0,0.0,0.0,0.0,0.0,0.0,0.0,0.0,0.0,0.0,0.0
TAXA_NEGOC_DICRED_MES,TAXA_NEGOC_DICRED_MES_ATIV_RF/TAXA_NEGOC_DICRED_MES_ATIV_RF_JUROS_COMPRA,TX_MEDIO,DOC_ARQ/LISTA_INFORM/TAXA_NEGOC_DICRED_MES/TAXA_NEGOC_DICRED_MES_ATIV_RF/TAXA_NEGOC_DICRED_MES_ATIV_RF_JUROS_COMPRA/TX_MEDIO,"VALOR DA TAXA MÉDIA DE JUROS DA COMPRA: (PONDERADA) EM PERCENTUAL (EX. 9,0 E NÃO 0,09)",0.0,0.0,0.0,0.0,0.0,0.0,0.0,0.0,0.0,0.0,0.0
TAXA_NEGOC_DICRED_MES,TAXA_NEGOC_DICRED_MES_ATIV_RF/TAXA_NEGOC_DICRED_MES_ATIV_RF_JUROS_COMPRA,TX_MAXIMO,DOC_ARQ/LISTA_INFORM/TAXA_NEGOC_DICRED_MES/TAXA_NEGOC_DICRED_MES_ATIV_RF/TAXA_NEGOC_DICRED_MES_ATIV_RF_JUROS_COMPRA/TX_MAXIMO,"VALOR DA TAXA MÁXIMA DE JUROS DA COMPRA EM PERCENTUAL (EX. 9,0 E NÃO 0,09)",0.0,0.0,0.0,0.0,0.0,0.0,0.0,0.0,0.0,0.0,0.0
TAXA_NEGOC_DICRED_MES,TAXA_NEGOC_DICRED_MES_ATIV_RF/TAXA_NEGOC_DICRED_MES_ATIV_RF_JUROS_VENDA,TX_MIN,DOC_ARQ/LISTA_INFORM/TAXA_NEGOC_DICRED_MES/TAXA_NEGOC_DICRED_MES_ATIV_RF/TAXA_NEGOC_DICRED_MES_ATIV_RF_JUROS_VENDA/TX_MIN,"VALOR DA TAXA MÍNIMA DA VENDA EM PERCENTUAL (EX. 9,0 E NÃO 0,09)",0.0,0.0,0.0,0.0,0.0,0.0,0.0,0.0,0.0,0.0,0.0
TAXA_NEGOC_DICRED_MES,TAXA_NEGOC_DICRED_MES_ATIV_RF/TAXA_NEGOC_DICRED_MES_ATIV_RF_JUROS_VENDA,TX_MEDIO,DOC_ARQ/LISTA_INFORM/TAXA_NEGOC_DICRED_MES/TAXA_NEGOC_DICRED_MES_ATIV_RF/TAXA_NEGOC_DICRED_MES_ATIV_RF_JUROS_VENDA/TX_MEDIO,"VALOR DA TAXA MÉDIA DA VENDA: (PONDERADA) EM PERCENTUAL (EX. 9,0 E NÃO 0,09)",0.0,0.0,0.0,0.0,0.0,0.0,0.0,0.0,0.0,0.0,0.0
TAXA_NEGOC_DICRED_MES,TAXA_NEGOC_DICRED_MES_ATIV_RF/TAXA_NEGOC_DICRED_MES_ATIV_RF_JUROS_VENDA,TX_MAXIMO,DOC_ARQ/LISTA_INFORM/TAXA_NEGOC_DICRED_MES/TAXA_NEGOC_DICRED_MES_ATIV_RF/TAXA_NEGOC_DICRED_MES_ATIV_RF_JUROS_VENDA/TX_MAXIMO,"VALOR DA TAXA MÁXIMA DA VENDA EM PERCENTUAL (EX. 9,0 E NÃO 0,09)",0.0,0.0,0.0,0.0,0.0,0.0,0.0,0.0,0.0,0.0,0.0
OUTRAS_INFORM,NUM_COTISTAS,EXISTE_ESTRU_SUBORD,DOC_ARQ/LISTA_INFORM/OUTRAS_INFORM/NUM_COTISTAS/EXISTE_ESTRU_SUBORD,,,,,,,,,SIM,SIM,SIM,SIM
OUTRAS_INFORM,NUM_COTISTAS,QT_TOTAL_COTISTAS,DOC_ARQ/LISTA_INFORM/OUTRAS_INFORM/NUM_COTISTAS/QT_TOTAL_COTISTAS,"VALOR DO SOMATÓRIO CONFORME ITEM 30 - SOMATÓRIO DO NUMERO DE COTISTAS, DAS OBSERVAÇÕES IMPORTANTES",3.0,3.0,3.0,3.0,3.0,3.0,3.0,3.0,3.0,3.0,3.0
OUTRAS_INFORM,NUM_COTISTAS,QT_TOTAL_COTISTAS_SENIOR,DOC_ARQ/LISTA_INFORM/OUTRAS_INFORM/NUM_COTISTAS/QT_TOTAL_COTISTAS_SENIOR,,1.0,1.0,1.0,1.0,1.0,1.0,1.0,1.0,1.0,1.0,1.0
OUTRAS_INFORM,NUM_COTISTAS,QT_TOTAL_COTISTAS_SUBORD,DOC_ARQ/LISTA_INFORM/OUTRAS_INFORM/NUM_COTISTAS/QT_TOTAL_COTISTAS_SUBORD,,2.0,2.0,2.0,2.0,2.0,2.0,2.0,2.0,2.0,2.0,2.0
OUTRAS_INFORM,NUM_COTISTAS/CLASSE_SENIOR,SERIE,DOC_ARQ/LISTA_INFORM/OUTRAS_INFORM/NUM_COTISTAS/CLASSE_SENIOR/SERIE,,Série 1,Série 1,Série 1,Série 1,Série 1,Série 1,Série 1,Série 1,Série 1,Série 1,Série 1
OUTRAS_INFORM,NUM_COTISTAS/CLASSE_SENIOR,QT_COTISTAS,DOC_ARQ/LISTA_INFORM/OUTRAS_INFORM/NUM_COTISTAS/CLASSE_SENIOR/QT_COTISTAS,,1.0,1.0,1.0,1.0,1.0,1.0,1.0,1.0,1.0,1.0,1.0
OUTRAS_INFORM,NUM_COTISTAS/CLASSE_SENIOR,ID_SUBCLASSE,DOC_ARQ/LISTA_INFORM/OUTRAS_INFORM/NUM_COTISTAS/CLASSE_SENIOR/ID_SUBCLASSE,,,,,,,,,3Q10Y1753373117,3Q10Y1753373117,3Q10Y1753373117,3Q10Y1753373117
OUTRAS_INFORM,NUM_COTISTAS_DESC/CLS_SENIOR,QNT_PSS_FSC,DOC_ARQ/LISTA_INFORM/OUTRAS_INFORM/NUM_COTISTAS_DESC/CLS_SENIOR/QNT_PSS_FSC,NÚMERO DE COTISTAS PESSOA FISICA,0.0,0.0,0.0,0.0,0.0,0.0,0.0,0.0,0.0,0.0,0.0
OUTRAS_INFORM,NUM_COTISTAS_DESC/CLS_SENIOR,QNT_PSS_JRD,DOC_ARQ/LISTA_INFORM/OUTRAS_INFORM/NUM_COTISTAS_DESC/CLS_SENIOR/QNT_PSS_JRD,NÚMERO DE COTISTAS PESSOA JURÍDICA NÃO-FINANCEIRA,0.0,0.0,0.0,0.0,0.0,0.0,0.0,0.0,0.0,0.0,0.0
OUTRAS_INFORM,NUM_COTISTAS_DESC/CLS_SENIOR,BNC_CMR,DOC_ARQ/LISTA_INFORM/OUTRAS_INFORM/NUM_COTISTAS_DESC/CLS_SENIOR/BNC_CMR,NÚMERO DE COTISTAS BANCO COMERCIAL,0.0,0.0,0.0,0.0,0.0,0.0,0.0,0.0,0.0,0.0,0.0
OUTRAS_INFORM,NUM_COTISTAS_DESC/CLS_SENIOR,CRT_DTR,DOC_ARQ/LISTA_INFORM/OUTRAS_INFORM/NUM_COTISTAS_DESC/CLS_SENIOR/CRT_DTR,NÚMERO DE COTISTAS CORRETORA OU DISTRIBUIDORA,0.0,0.0,0.0,0.0,0.0,0.0,0.0,0.0,0.0,0.0,0.0
OUTRAS_INFORM,NUM_COTISTAS_DESC/CLS_SENIOR,OTR_PSS_JRD,DOC_ARQ/LISTA_INFORM/OUTRAS_INFORM/NUM_COTISTAS_DESC/CLS_SENIOR/OTR_PSS_JRD,NÚMERO DE COTISTAS QUE SÃO OUTRAS PESSOAS JURÍDICAS FINANCEIRAS,0.0,0.0,0.0,0.0,0.0,0.0,0.0,0.0,0.0,0.0,0.0
OUTRAS_INFORM,NUM_COTISTAS_DESC/CLS_SENIOR,INV_RSD,DOC_ARQ/LISTA_INFORM/OUTRAS_INFORM/NUM_COTISTAS_DESC/CLS_SENIOR/INV_RSD,NÚMERO DE COTISTAS INVESTIDORES NÃO RESIDENTES,0.0,0.0,0.0,0.0,0.0,0.0,0.0,0.0,0.0,0.0,0.0
OUTRAS_INFORM,NUM_COTISTAS_DESC/CLS_SENIOR,ENT_ABR_PRD_CMP,DOC_ARQ/LISTA_INFORM/OUTRAS_INFORM/NUM_COTISTAS_DESC/CLS_SENIOR/ENT_ABR_PRD_CMP,NÚMERO DE COTISTAS ENTIDADE ABERTA DE PREVIDÊNCIA COMPLEMENTAR,0.0,0.0,0.0,0.0,0.0,0.0,0.0,0.0,0.0,0.0,0.0
OUTRAS_INFORM,NUM_COTISTAS_DESC/CLS_SENIOR,ENT_FCH_PRD,DOC_ARQ/LISTA_INFORM/OUTRAS_INFORM/NUM_COTISTAS_DESC/CLS_SENIOR/ENT_FCH_PRD,NÚMERO DE COTISTAS ENTIDADE FECHADA DE PREVIDÊNCIA COMPLEMENTAR,0.0,0.0,0.0,0.0,0.0,0.0,0.0,0.0,0.0,0.0,0.0
OUTRAS_INFORM,NUM_COTISTAS_DESC/CLS_SENIOR,RGM_PRP_PRD_SRV_PBL,DOC_ARQ/LISTA_INFORM/OUTRAS_INFORM/NUM_COTISTAS_DESC/CLS_SENIOR/RGM_PRP_PRD_SRV_PBL,NÚMERO DE COTISTAS REGIME PRÓPRIO DE PREVIDÊNCIA DOS SERVIDORES PÚBLICOS,0.0,0.0,0.0,0.0,0.0,0.0,0.0,0.0,0.0,0.0,0.0
OUTRAS_INFORM,NUM_COTISTAS_DESC/CLS_SENIOR,SCD_SGR_RSG,DOC_ARQ/LISTA_INFORM/OUTRAS_INFORM/NUM_COTISTAS_DESC/CLS_SENIOR/SCD_SGR_RSG,NÚMERO DE COTISTAS SOCIEDADE SEGURADORA OU RESSEGURADORA,0.0,0.0,0.0,0.0,0.0,0.0,0.0,0.0,0.0,0.0,0.0
OUTRAS_INFORM,NUM_COTISTAS_DESC/CLS_SENIOR,SCD_CPT_ARD_MER,DOC_ARQ/LISTA_INFORM/OUTRAS_INFORM/NUM_COTISTAS_DESC/CLS_SENIOR/SCD_CPT_ARD_MER,NÚMERO DE COTISTAS SOCIEDADE DE CAPITALIZAÇÃO E DE ARRENDAMENTO MERCANTIL,0.0,0.0,0.0,0.0,0.0,0.0,0.0,0.0,0.0,0.0,0.0
OUTRAS_INFORM,NUM_COTISTAS_DESC/CLS_SENIOR,FND_INV_CTS,DOC_ARQ/LISTA_INFORM/OUTRAS_INFORM/NUM_COTISTAS_DESC/CLS_SENIOR/FND_INV_CTS,NÚMERO DE COTISTAS FUNDOS DE INVESTIMENTO EM COTAS DE FUNDOS DE INVESTIMENTO EM DIREITOS CREDITÓRIOS,0.0,0.0,0.0,0.0,0.0,0.0,0.0,0.0,0.0,0.0,0.0
OUTRAS_INFORM,NUM_COTISTAS_DESC/CLS_SENIOR,FND_INV_IMB,DOC_ARQ/LISTA_INFORM/OUTRAS_INFORM/NUM_COTISTAS_DESC/CLS_SENIOR/FND_INV_IMB,NÚMERO DE COTISTAS FUNDOS DE INVESTIMENTO IMOBILIÁRIO,0.0,0.0,0.0,0.0,0.0,0.0,0.0,0.0,0.0,0.0,0.0
OUTRAS_INFORM,NUM_COTISTAS_DESC/CLS_SENIOR,OTR_FND_INV,DOC_ARQ/LISTA_INFORM/OUTRAS_INFORM/NUM_COTISTAS_DESC/CLS_SENIOR/OTR_FND_INV,NÚMERO DE COTISTAS QUE SÃO OUTROS FUNDOS DE INVESTIMENTO,1.0,1.0,1.0,1.0,1.0,1.0,1.0,1.0,1.0,1.0,1.0
OUTRAS_INFORM,NUM_COTISTAS_DESC/CLS_SENIOR,CLB_INV,DOC_ARQ/LISTA_INFORM/OUTRAS_INFORM/NUM_COTISTAS_DESC/CLS_SENIOR/CLB_INV,NÚMERO DE COTISTAS CLUBES DE INVESTIMENTO,0.0,0.0,0.0,0.0,0.0,0.0,0.0,0.0,0.0,0.0,0.0
OUTRAS_INFORM,NUM_COTISTAS_DESC/CLS_SENIOR,CAMOTR,DOC_ARQ/LISTA_INFORM/OUTRAS_INFORM/NUM_COTISTAS_DESC/CLS_SENIOR/CAMOTR,NÚMERO DE COTISTAS QUE SÃO DO TIPO OUTROS,0.0,0.0,0.0,0.0,0.0,0.0,0.0,0.0,0.0,0.0,0.0
OUTRAS_INFORM,NUM_COTISTAS_DESC/CLS_SUBORDINADA,QNT_PSS_FSC,DOC_ARQ/LISTA_INFORM/OUTRAS_INFORM/NUM_COTISTAS_DESC/CLS_SUBORDINADA/QNT_PSS_FSC,NÚMERO DE COTISTAS PESSOA FISICA,0.0,0.0,0.0,0.0,0.0,0.0,0.0,0.0,0.0,0.0,0.0
OUTRAS_INFORM,NUM_COTISTAS_DESC/CLS_SUBORDINADA,QNT_PSS_JRD,DOC_ARQ/LISTA_INFORM/OUTRAS_INFORM/NUM_COTISTAS_DESC/CLS_SUBORDINADA/QNT_PSS_JRD,NÚMERO DE COTISTAS PESSOA JURÍDICA NÃO-FINANCEIRA,0.0,0.0,0.0,0.0,0.0,0.0,0.0,0.0,0.0,0.0,0.0
OUTRAS_INFORM,NUM_COTISTAS_DESC/CLS_SUBORDINADA,BNC_CMR,DOC_ARQ/LISTA_INFORM/OUTRAS_INFORM/NUM_COTISTAS_DESC/CLS_SUBORDINADA/BNC_CMR,NÚMERO DE COTISTAS BANCO COMERCIAL,0.0,0.0,0.0,0.0,0.0,0.0,0.0,0.0,0.0,0.0,0.0
OUTRAS_INFORM,NUM_COTISTAS_DESC/CLS_SUBORDINADA,CRT_DTR,DOC_ARQ/LISTA_INFORM/OUTRAS_INFORM/NUM_COTISTAS_DESC/CLS_SUBORDINADA/CRT_DTR,NÚMERO DE COTISTAS CORRETORA OU DISTRIBUIDORA,0.0,0.0,0.0,0.0,0.0,0.0,0.0,0.0,0.0,0.0,0.0
OUTRAS_INFORM,NUM_COTISTAS_DESC/CLS_SUBORDINADA,OTR_PSS_JRD,DOC_ARQ/LISTA_INFORM/OUTRAS_INFORM/NUM_COTISTAS_DESC/CLS_SUBORDINADA/OTR_PSS_JRD,NÚMERO DE COTISTAS QUE SÃO OUTRAS PESSOAS JURÍDICAS FINANCEIRAS,0.0,0.0,0.0,0.0,0.0,0.0,0.0,0.0,0.0,0.0,0.0
OUTRAS_INFORM,NUM_COTISTAS_DESC/CLS_SUBORDINADA,INV_RSD,DOC_ARQ/LISTA_INFORM/OUTRAS_INFORM/NUM_COTISTAS_DESC/CLS_SUBORDINADA/INV_RSD,NÚMERO DE COTISTAS INVESTIDORES NÃO RESIDENTES,0.0,0.0,0.0,0.0,0.0,0.0,0.0,0.0,0.0,0.0,0.0
OUTRAS_INFORM,NUM_COTISTAS_DESC/CLS_SUBORDINADA,ENT_ABR_PRD_CMP,DOC_ARQ/LISTA_INFORM/OUTRAS_INFORM/NUM_COTISTAS_DESC/CLS_SUBORDINADA/ENT_ABR_PRD_CMP,NÚMERO DE COTISTAS ENTIDADE ABERTA DE PREVIDÊNCIA COMPLEMENTAR,0.0,0.0,0.0,0.0,0.0,0.0,0.0,0.0,0.0,0.0,0.0
OUTRAS_INFORM,NUM_COTISTAS_DESC/CLS_SUBORDINADA,ENT_FCH_PRD,DOC_ARQ/LISTA_INFORM/OUTRAS_INFORM/NUM_COTISTAS_DESC/CLS_SUBORDINADA/ENT_FCH_PRD,NÚMERO DE COTISTAS ENTIDADE FECHADA DE PREVIDÊNCIA COMPLEMENTAR,0.0,0.0,0.0,0.0,0.0,0.0,0.0,0.0,0.0,0.0,0.0
OUTRAS_INFORM,NUM_COTISTAS_DESC/CLS_SUBORDINADA,RGM_PRP_PRD_SRV_PBL,DOC_ARQ/LISTA_INFORM/OUTRAS_INFORM/NUM_COTISTAS_DESC/CLS_SUBORDINADA/RGM_PRP_PRD_SRV_PBL,NÚMERO DE COTISTAS REGIME PRÓPRIO DE PREVIDÊNCIA DOS SERVIDORES PÚBLICOS,0.0,0.0,0.0,0.0,0.0,0.0,0.0,0.0,0.0,0.0,0.0
OUTRAS_INFORM,NUM_COTISTAS_DESC/CLS_SUBORDINADA,SCD_SGR_RSG,DOC_ARQ/LISTA_INFORM/OUTRAS_INFORM/NUM_COTISTAS_DESC/CLS_SUBORDINADA/SCD_SGR_RSG,NÚMERO DE COTISTAS SOCIEDADE SEGURADORA OU RESSEGURADORA,0.0,0.0,0.0,0.0,0.0,0.0,0.0,0.0,0.0,0.0,0.0
OUTRAS_INFORM,NUM_COTISTAS_DESC/CLS_SUBORDINADA,SCD_CPT_ARD_MER,DOC_ARQ/LISTA_INFORM/OUTRAS_INFORM/NUM_COTISTAS_DESC/CLS_SUBORDINADA/SCD_CPT_ARD_MER,NÚMERO DE COTISTAS SOCIEDADE DE CAPITALIZAÇÃO E DE ARRENDAMENTO MERCANTIL,0.0,0.0,0.0,0.0,0.0,0.0,0.0,0.0,0.0,0.0,0.0
OUTRAS_INFORM,NUM_COTISTAS_DESC/CLS_SUBORDINADA,FND_INV_CTS,DOC_ARQ/LISTA_INFORM/OUTRAS_INFORM/NUM_COTISTAS_DESC/CLS_SUBORDINADA/FND_INV_CTS,NÚMERO DE COTISTAS FUNDOS DE INVESTIMENTO EM COTAS DE FUNDOS DE INVESTIMENTO EM DIREITOS CREDITÓRIOS,0.0,0.0,0.0,0.0,0.0,0.0,0.0,0.0,0.0,0.0,0.0
OUTRAS_INFORM,NUM_COTISTAS_DESC/CLS_SUBORDINADA,FND_INV_IMB,DOC_ARQ/LISTA_INFORM/OUTRAS_INFORM/NUM_COTISTAS_DESC/CLS_SUBORDINADA/FND_INV_IMB,NÚMERO DE COTISTAS FUNDOS DE INVESTIMENTO IMOBILIÁRIO,0.0,0.0,0.0,0.0,0.0,0.0,0.0,0.0,0.0,0.0,0.0
OUTRAS_INFORM,NUM_COTISTAS_DESC/CLS_SUBORDINADA,OTR_FND_INV,DOC_ARQ/LISTA_INFORM/OUTRAS_INFORM/NUM_COTISTAS_DESC/CLS_SUBORDINADA/OTR_FND_INV,NÚMERO DE COTISTAS QUE SÃO OUTROS FUNDOS DE INVESTIMENTO,2.0,2.0,2.0,2.0,2.0,2.0,2.0,2.0,2.0,2.0,2.0
OUTRAS_INFORM,NUM_COTISTAS_DESC/CLS_SUBORDINADA,CLB_INV,DOC_ARQ/LISTA_INFORM/OUTRAS_INFORM/NUM_COTISTAS_DESC/CLS_SUBORDINADA/CLB_INV,NÚMERO DE COTISTAS CLUBES DE INVESTIMENTO,0.0,0.0,0.0,0.0,0.0,0.0,0.0,0.0,0.0,0.0,0.0
OUTRAS_INFORM,NUM_COTISTAS_DESC/CLS_SUBORDINADA,CAMOTR,DOC_ARQ/LISTA_INFORM/OUTRAS_INFORM/NUM_COTISTAS_DESC/CLS_SUBORDINADA/CAMOTR,NÚMERO DE COTISTAS QUE SÃO DO TIPO OUTROS,0.0,0.0,0.0,0.0,0.0,0.0,0.0,0.0,0.0,0.0,0.0
OUTRAS_INFORM,DESC_SERIE_CLASSE/DESC_SERIE_CLASSE_SENIOR,SERIE,DOC_ARQ/LISTA_INFORM/OUTRAS_INFORM/DESC_SERIE_CLASSE/DESC_SERIE_CLASSE_SENIOR/SERIE,,Série 1,Série 1,Série 1,Série 1,Série 1,Série 1,Série 1,Série 1,Série 1,Série 1,Série 1
OUTRAS_INFORM,DESC_SERIE_CLASSE/DESC_SERIE_CLASSE_SENIOR,QT_COTAS,DOC_ARQ/LISTA_INFORM/OUTRAS_INFORM/DESC_SERIE_CLASSE/DESC_SERIE_CLASSE_SENIOR/QT_COTAS,QUANTIDADE DE COTAS (Decimal com até 8 casas),2154079.42,2154079.42,2154079.42,2154079.42,2154079.42,2154079.42,2154079.42,2154079.42,2154079.42,2154079.42,2438580.42
OUTRAS_INFORM,DESC_SERIE_CLASSE/DESC_SERIE_CLASSE_SENIOR,VL_COTAS,DOC_ARQ/LISTA_INFORM/OUTRAS_INFORM/DESC_SERIE_CLASSE/DESC_SERIE_CLASSE_SENIOR/VL_COTAS,VALOR DA COTA (R$) (Decimal com até 8 casas),494.5,493.92,494.54,494.2298656,493.92353683,494.84309326,493.6173979,493.92,495.76436168,494.23,495.43
OUTRAS_INFORM,RENT_MES/RENT_CLASSE_SENIOR,SERIE,DOC_ARQ/LISTA_INFORM/OUTRAS_INFORM/RENT_MES/RENT_CLASSE_SENIOR/SERIE,,Série 1,Série 1,Série 1,Série 1,Série 1,Série 1,Série 1,Série 1,Série 1,Série 1,Série 1
OUTRAS_INFORM,RENT_MES/RENT_CLASSE_SENIOR,PR_APURADA,DOC_ARQ/LISTA_INFORM/OUTRAS_INFORM/RENT_MES/RENT_CLASSE_SENIOR/PR_APURADA,"VALOR DA TAXA EM PERCENTUAL DE CADA SERIE DA CLASSE SÊNIOR N(EX. 9,0 E NÃO 0,09)",-11.56,-0.12,0.12,-0.06,-0.06,0.19,-0.25,0.06,0.37,-0.31,0.24
OUTRAS_INFORM,CAPTA_RESGA_AMORTI/CAPT_MES/CLASSE_SENIOR,SERIE,DOC_ARQ/LISTA_INFORM/OUTRAS_INFORM/CAPTA_RESGA_AMORTI/CAPT_MES/CLASSE_SENIOR/SERIE,,Série 1,Série 1,Série 1,Série 1,Série 1,Série 1,Série 1,Série 1,Série 1,Série 1,Série 1
OUTRAS_INFORM,CAPTA_RESGA_AMORTI/CAPT_MES/CLASSE_SENIOR,VL_TOTAL,DOC_ARQ/LISTA_INFORM/OUTRAS_INFORM/CAPTA_RESGA_AMORTI/CAPT_MES/CLASSE_SENIOR/VL_TOTAL,VALOR TOTAL DAS AMORTIZAÇÕES (CLASSE SENIOR) (Decimal com 2 casas),0.0,0.0,0.0,0.0,0.0,0.0,0.0,0.0,0.0,0.0,141220462.22
OUTRAS_INFORM,CAPTA_RESGA_AMORTI/CAPT_MES/CLASSE_SENIOR,QT_COTAS,DOC_ARQ/LISTA_INFORM/OUTRAS_INFORM/CAPTA_RESGA_AMORTI/CAPT_MES/CLASSE_SENIOR/QT_COTAS,QUANTIDADE DE COTAS EMITIDAS (CLASSE SENIOR) (Decimal com até 8 casas),0.0,0.0,0.0,0.0,0.0,0.0,0.0,0.0,0.0,0.0,284501.0
OUTRAS_INFORM,CAPTA_RESGA_AMORTI/RESG_MES/CLASSE_SENIOR,SERIE,DOC_ARQ/LISTA_INFORM/OUTRAS_INFORM/CAPTA_RESGA_AMORTI/RESG_MES/CLASSE_SENIOR/SERIE,,Série 1,Série 1,Série 1,Série 1,Série 1,Série 1,Série 1,Série 1,Série 1,Série 1,Série 1
OUTRAS_INFORM,CAPTA_RESGA_AMORTI/RESG_MES/CLASSE_SENIOR,VL_TOTAL,DOC_ARQ/LISTA_INFORM/OUTRAS_INFORM/CAPTA_RESGA_AMORTI/RESG_MES/CLASSE_SENIOR/VL_TOTAL,VALOR TOTAL DAS AMORTIZAÇÕES (CLASSE SENIOR) (Decimal com 2 casas),0.0,0.0,0.0,0.0,0.0,0.0,0.0,0.0,0.0,0.0,0.0
OUTRAS_INFORM,CAPTA_RESGA_AMORTI/RESG_MES/CLASSE_SENIOR,QT_COTAS,DOC_ARQ/LISTA_INFORM/OUTRAS_INFORM/CAPTA_RESGA_AMORTI/RESG_MES/CLASSE_SENIOR/QT_COTAS,QUANTIDADE DE COTAS RESGATADAS (CLASSE SENIOR) (Decimal com até 8 casas),0.0,0.0,0.0,0.0,0.0,0.0,0.0,0.0,0.0,0.0,0.0
OUTRAS_INFORM,CAPTA_RESGA_AMORTI/RESG_SOLIC/CLASSE_SENIOR,SERIE,DOC_ARQ/LISTA_INFORM/OUTRAS_INFORM/CAPTA_RESGA_AMORTI/RESG_SOLIC/CLASSE_SENIOR/SERIE,,Série 1,Série 1,Série 1,Série 1,Série 1,Série 1,Série 1,Série 1,Série 1,Série 1,Série 1
OUTRAS_INFORM,CAPTA_RESGA_AMORTI/RESG_SOLIC/CLASSE_SENIOR,VL_PAGO,DOC_ARQ/LISTA_INFORM/OUTRAS_INFORM/CAPTA_RESGA_AMORTI/RESG_SOLIC/CLASSE_SENIOR/VL_PAGO,,0.0,0.0,0.0,0.0,0.0,0.0,0.0,0.0,0.0,0.0,0.0
OUTRAS_INFORM,CAPTA_RESGA_AMORTI/RESG_SOLIC/CLASSE_SENIOR,QT_COTAS,DOC_ARQ/LISTA_INFORM/OUTRAS_INFORM/CAPTA_RESGA_AMORTI/RESG_SOLIC/CLASSE_SENIOR/QT_COTAS,QUANTIDADE DE COTAS A SEREM RESGATADAS (CLASSE SENIOR) (Decimal com até 8 casas),0.0,0.0,0.0,0.0,0.0,0.0,0.0,0.0,0.0,0.0,0.0
OUTRAS_INFORM,CAPTA_RESGA_AMORTI/AMORT/CLASSE_SENIOR,SERIE,DOC_ARQ/LISTA_INFORM/OUTRAS_INFORM/CAPTA_RESGA_AMORTI/AMORT/CLASSE_SENIOR/SERIE,,Série 1,Série 1,Série 1,Série 1,Série 1,Série 1,Série 1,Série 1,Série 1,Série 1,Série 1
OUTRAS_INFORM,CAPTA_RESGA_AMORTI/AMORT/CLASSE_SENIOR,VL_COTA,DOC_ARQ/LISTA_INFORM/OUTRAS_INFORM/CAPTA_RESGA_AMORTI/AMORT/CLASSE_SENIOR/VL_COTA,VALOR AMORTIZADO POR COTA (CLASSE SENIOR) (Decimal com até 8 casas),71.64,6.66,6.45,6.76,7.07,6.14,7.07,6.45,4.6,0.0,5.52
OUTRAS_INFORM,CAPTA_RESGA_AMORTI/AMORT/CLASSE_SENIOR,VL_TOTAL,DOC_ARQ/LISTA_INFORM/OUTRAS_INFORM/CAPTA_RESGA_AMORTI/AMORT/CLASSE_SENIOR/VL_TOTAL,VALOR TOTAL DAS AMORTIZAÇÕES (CLASSE SENIOR) (Decimal com 2 casas),154326849.55,14353199.02,13891493.62,14557515.49,15223950.42,13225884.56,15223950.42,13891493.62,9904022.5,15223950.42,13467060.64
OUTRAS_INFORM,LIQUIDEZ,VL_ATIV_LIQDEZ,DOC_ARQ/LISTA_INFORM/OUTRAS_INFORM/LIQUIDEZ/VL_ATIV_LIQDEZ,VALOR DOS ATIVOS COM LIQUIDEZ IMEDIATA,0.0,0.0,0.0,0.0,0.0,0.0,0.0,0.0,0.0,0.0,0.0
OUTRAS_INFORM,LIQUIDEZ,VL_ATIV_LIQDEZ_30,DOC_ARQ/LISTA_INFORM/OUTRAS_INFORM/LIQUIDEZ/VL_ATIV_LIQDEZ_30,VALOR DOS ATIVOS QUE PODEM SER LIQUIDADOS EM ATÉ 30 DIAS,0.0,0.0,0.0,0.0,0.0,0.0,0.0,0.0,0.0,0.0,0.0
OUTRAS_INFORM,LIQUIDEZ,VL_ATIV_LIQDEZ_60,DOC_ARQ/LISTA_INFORM/OUTRAS_INFORM/LIQUIDEZ/VL_ATIV_LIQDEZ_60,VALOR DOS ATIVOS QUE PODEM SER LIQUIDADOS EM ATÉ 60 DIAS,0.0,0.0,0.0,0.0,0.0,0.0,0.0,0.0,0.0,0.0,0.0
OUTRAS_INFORM,LIQUIDEZ,VL_ATIV_LIQDEZ_90,DOC_ARQ/LISTA_INFORM/OUTRAS_INFORM/LIQUIDEZ/VL_ATIV_LIQDEZ_90,VALOR DOS ATIVOS QUE PODEM SER LIQUIDADOS EM ATÉ 90 DIAS,0.0,0.0,0.0,0.0,0.0,0.0,0.0,0.0,0.0,0.0,0.0
OUTRAS_INFORM,LIQUIDEZ,VL_ATIV_LIQDEZ_180,DOC_ARQ/LISTA_INFORM/OUTRAS_INFORM/LIQUIDEZ/VL_ATIV_LIQDEZ_180,VALOR DOS ATIVOS QUE PODEM SER LIQUIDADOS EM ATÉ 180 DIAS,0.0,0.0,0.0,0.0,0.0,0.0,0.0,0.0,0.0,0.0,0.0
OUTRAS_INFORM,LIQUIDEZ,VL_ATIV_LIQDEZ_360,DOC_ARQ/LISTA_INFORM/OUTRAS_INFORM/LIQUIDEZ/VL_ATIV_LIQDEZ_360,VALOR DOS ATIVOS QUE PODEM SER LIQUIDADOS EM ATÉ 360 DIAS,0.0,0.0,0.0,0.0,0.0,0.0,0.0,0.0,0.0,0.0,0.0
OUTRAS_INFORM,LIQUIDEZ,VL_ATIV_LIQDEZ_MAIS_360,DOC_ARQ/LISTA_INFORM/OUTRAS_INFORM/LIQUIDEZ/VL_ATIV_LIQDEZ_MAIS_360,VALOR DOS ATIVOS QUE PODEM SER LIQUIDADOS EM MAIS DE 360 DIAS,0.0,0.0,0.0,0.0,0.0,0.0,0.0,0.0,0.0,0.0,0.0
OUTRAS_INFORM,DESEMP/CLASSE_SENIOR,SERIE,DOC_ARQ/LISTA_INFORM/OUTRAS_INFORM/DESEMP/CLASSE_SENIOR/SERIE,,Série 1,Série 1,Série 1,Série 1,Série 1,Série 1,Série 1,Série 1,Série 1,Série 1,Série 1
OUTRAS_INFORM,DESEMP/CLASSE_SENIOR,DESEMP_ESP,DOC_ARQ/LISTA_INFORM/OUTRAS_INFORM/DESEMP/CLASSE_SENIOR/DESEMP_ESP,"VALOR DA TAXA EM PERCENTUAL DE DESEMPENHO ESPERADO (BENCHMARK)(EX. 9,0 E NÃO 0,09)",0.0,0.0,0.0,0.0,0.0,0.0,0.0,0.0,0.0,0.0,0.0
OUTRAS_INFORM,DESEMP/CLASSE_SENIOR,DESEMP_REAL,DOC_ARQ/LISTA_INFORM/OUTRAS_INFORM/DESEMP/CLASSE_SENIOR/DESEMP_REAL,"VALOR DA TAXA EM PERCENTUAL DO DESEMPENHO REALIZADO (RENTABILIDADE NO MÊS)(EX. 9,0 E NÃO 0,09)",-11.56,-0.12,0.12,-0.06,-0.06,0.19,-0.25,0.06,0.37,-0.31,0.24
OUTRAS_INFORM,GARANTIA,VLR_GNT_VNC_DRT_CRD,DOC_ARQ/LISTA_INFORM/OUTRAS_INFORM/GARANTIA/VLR_GNT_VNC_DRT_CRD,VALOR TOTAL DAS GARANTIAS VINCULADAS AOS DIREITOS CREDITÓRIOS,0.0,0.0,0.0,0.0,0.0,0.0,0.0,0.0,0.0,0.0,0.0
OUTRAS_INFORM,GARANTIA,PRC_DRT_CRED_GNT_VNC,DOC_ARQ/LISTA_INFORM/OUTRAS_INFORM/GARANTIA/PRC_DRT_CRED_GNT_VNC,PERCENTUAL DOS DIREITOS CREDITÓRIOS COM GARANTIAS VINCULADAS,0.0,0.0,0.0,0.0,0.0,0.0,0.0,0.0,0.0,0.0,0.0
OUTRAS_INFORM,RES_INF_PRST_SCR/VLR_TOTAL_DIR_CRD_DEVD,VL_AA,DOC_ARQ/LISTA_INFORM/OUTRAS_INFORM/RES_INF_PRST_SCR/VLR_TOTAL_DIR_CRD_DEVD/VL_AA,,0.0,0.0,0.0,0.0,0.0,0.0,0.0,0.0,0.0,0.0,0.0
OUTRAS_INFORM,RES_INF_PRST_SCR/VLR_TOTAL_DIR_CRD_DEVD,VL_A,DOC_ARQ/LISTA_INFORM/OUTRAS_INFORM/RES_INF_PRST_SCR/VLR_TOTAL_DIR_CRD_DEVD/VL_A,,0.0,0.0,0.0,0.0,0.0,0.0,0.0,0.0,0.0,0.0,0.0
OUTRAS_INFORM,RES_INF_PRST_SCR/VLR_TOTAL_DIR_CRD_DEVD,VL_B,DOC_ARQ/LISTA_INFORM/OUTRAS_INFORM/RES_INF_PRST_SCR/VLR_TOTAL_DIR_CRD_DEVD/VL_B,,0.0,0.0,0.0,0.0,0.0,0.0,0.0,0.0,0.0,0.0,0.0
OUTRAS_INFORM,RES_INF_PRST_SCR/VLR_TOTAL_DIR_CRD_DEVD,VL_C,DOC_ARQ/LISTA_INFORM/OUTRAS_INFORM/RES_INF_PRST_SCR/VLR_TOTAL_DIR_CRD_DEVD/VL_C,,0.0,0.0,0.0,0.0,0.0,0.0,0.0,0.0,0.0,0.0,0.0
OUTRAS_INFORM,RES_INF_PRST_SCR/VLR_TOTAL_DIR_CRD_DEVD,VL_D,DOC_ARQ/LISTA_INFORM/OUTRAS_INFORM/RES_INF_PRST_SCR/VLR_TOTAL_DIR_CRD_DEVD/VL_D,,0.0,0.0,0.0,0.0,0.0,0.0,0.0,0.0,0.0,0.0,0.0
OUTRAS_INFORM,RES_INF_PRST_SCR/VLR_TOTAL_DIR_CRD_DEVD,VL_E,DOC_ARQ/LISTA_INFORM/OUTRAS_INFORM/RES_INF_PRST_SCR/VLR_TOTAL_DIR_CRD_DEVD/VL_E,,0.0,0.0,0.0,0.0,0.0,0.0,0.0,0.0,0.0,0.0,0.0
OUTRAS_INFORM,RES_INF_PRST_SCR/VLR_TOTAL_DIR_CRD_DEVD,VL_F,DOC_ARQ/LISTA_INFORM/OUTRAS_INFORM/RES_INF_PRST_SCR/VLR_TOTAL_DIR_CRD_DEVD/VL_F,,0.0,0.0,0.0,0.0,0.0,0.0,0.0,0.0,0.0,0.0,0.0
OUTRAS_INFORM,RES_INF_PRST_SCR/VLR_TOTAL_DIR_CRD_DEVD,VL_G,DOC_ARQ/LISTA_INFORM/OUTRAS_INFORM/RES_INF_PRST_SCR/VLR_TOTAL_DIR_CRD_DEVD/VL_G,,0.0,0.0,0.0,0.0,0.0,0.0,0.0,0.0,0.0,0.0,0.0
OUTRAS_INFORM,RES_INF_PRST_SCR/VLR_TOTAL_DIR_CRD_DEVD,VL_H,DOC_ARQ/LISTA_INFORM/OUTRAS_INFORM/RES_INF_PRST_SCR/VLR_TOTAL_DIR_CRD_DEVD/VL_H,,0.0,0.0,0.0,0.0,0.0,0.0,0.0,0.0,0.0,0.0,0.0
OUTRAS_INFORM,RES_INF_PRST_SCR/VLR_TOTAL_DIR_CRD_OP,VL_AA,DOC_ARQ/LISTA_INFORM/OUTRAS_INFORM/RES_INF_PRST_SCR/VLR_TOTAL_DIR_CRD_OP/VL_AA,,0.0,0.0,0.0,0.0,0.0,0.0,0.0,0.0,0.0,0.0,0.0
OUTRAS_INFORM,RES_INF_PRST_SCR/VLR_TOTAL_DIR_CRD_OP,VL_A,DOC_ARQ/LISTA_INFORM/OUTRAS_INFORM/RES_INF_PRST_SCR/VLR_TOTAL_DIR_CRD_OP/VL_A,,0.0,0.0,0.0,0.0,0.0,0.0,0.0,0.0,0.0,0.0,0.0
OUTRAS_INFORM,RES_INF_PRST_SCR/VLR_TOTAL_DIR_CRD_OP,VL_B,DOC_ARQ/LISTA_INFORM/OUTRAS_INFORM/RES_INF_PRST_SCR/VLR_TOTAL_DIR_CRD_OP/VL_B,,0.0,0.0,0.0,0.0,0.0,0.0,0.0,0.0,0.0,0.0,0.0
OUTRAS_INFORM,RES_INF_PRST_SCR/VLR_TOTAL_DIR_CRD_OP,VL_C,DOC_ARQ/LISTA_INFORM/OUTRAS_INFORM/RES_INF_PRST_SCR/VLR_TOTAL_DIR_CRD_OP/VL_C,,0.0,0.0,0.0,0.0,0.0,0.0,0.0,0.0,0.0,0.0,0.0
OUTRAS_INFORM,RES_INF_PRST_SCR/VLR_TOTAL_DIR_CRD_OP,VL_D,DOC_ARQ/LISTA_INFORM/OUTRAS_INFORM/RES_INF_PRST_SCR/VLR_TOTAL_DIR_CRD_OP/VL_D,,0.0,0.0,0.0,0.0,0.0,0.0,0.0,0.0,0.0,0.0,0.0
OUTRAS_INFORM,RES_INF_PRST_SCR/VLR_TOTAL_DIR_CRD_OP,VL_E,DOC_ARQ/LISTA_INFORM/OUTRAS_INFORM/RES_INF_PRST_SCR/VLR_TOTAL_DIR_CRD_OP/VL_E,,0.0,0.0,0.0,0.0,0.0,0.0,0.0,0.0,0.0,0.0,0.0
OUTRAS_INFORM,RES_INF_PRST_SCR/VLR_TOTAL_DIR_CRD_OP,VL_F,DOC_ARQ/LISTA_INFORM/OUTRAS_INFORM/RES_INF_PRST_SCR/VLR_TOTAL_DIR_CRD_OP/VL_F,,0.0,0.0,0.0,0.0,0.0,0.0,0.0,0.0,0.0,0.0,0.0
OUTRAS_INFORM,RES_INF_PRST_SCR/VLR_TOTAL_DIR_CRD_OP,VL_G,DOC_ARQ/LISTA_INFORM/OUTRAS_INFORM/RES_INF_PRST_SCR/VLR_TOTAL_DIR_CRD_OP/VL_G,,0.0,0.0,0.0,0.0,0.0,0.0,0.0,0.0,0.0,0.0,0.0
OUTRAS_INFORM,RES_INF_PRST_SCR/VLR_TOTAL_DIR_CRD_OP,VL_H,DOC_ARQ/LISTA_INFORM/OUTRAS_INFORM/RES_INF_PRST_SCR/VLR_TOTAL_DIR_CRD_OP/VL_H,,0.0,0.0,0.0,0.0,0.0,0.0,0.0,0.0,0.0,0.0,0.0
OUTRAS_INFORM,REG_TRIB_CED,VL_TOTAL,DOC_ARQ/LISTA_INFORM/OUTRAS_INFORM/REG_TRIB_CED/VL_TOTAL,,0.0,0.0,0.0,0.0,0.0,0.0,0.0,0.0,0.0,0.0,0.0
